1	-999
2	-999
3	0.68911
4	0
5	0.77205
6	-0.064606
7	0.14753
8	2.1916
9	0.35247
10	0.13045
11	1.2182
12	0.34683
13	1.2383
14	0.91667
15	1.3304
16	0.38746
17	0.57039
18	0.37295
19	-0.071044
20	0.00087
21	0.24994
22	0.81206
23	-0.13332
24	0.54779
25	-0.007811
26	0.39693
27	0.064324
28	-0.031873
29	0.38586
30	-0.12228
31	0.52053
32	0.48129
33	0.96918
34	1.1493
35	1.0189
36	1.5978
37	0.95316
38	0.47218
39	0.39554
40	0.008053
41	0.55014
42	-0.20492
43	0.9461
44	0.71569
45	0.39976
46	0.42566
47	-0.093778
48	0.059403
49	0.0369
50	0.4945
51	0.26017
52	0.69245
53	1.3141
54	1.4458
55	0.21856
56	0.74595
57	0.48822
58	0.20719
59	0.2754
60	0.12088
61	-0.27176
62	0.093837
63	0.58281
64	0.74675
65	-0.18719
66	-0.016456
67	0.14867
68	0.49785
69	0.37456
70	0.27573
71	-0.084454
72	0.91778
73	1.4702
74	1.4718
75	0.10171
76	0.20606
77	-0.014538
78	0.083992
79	-0.19326
80	2.2535
81	0.77522
82	0.18559
83	0.59309
84	0.78575
85	0.19243
86	0.41823
87	0.33246
88	0.50796
89	0.12536
90	0.19663
91	0.64096
92	0.10141
93	0.54439
94	0.48024
95	0.28781
96	0.49764
97	0.077176
98	0.20119
99	0.74585
100	0.27584
101	-0.23808
102	0.071063
103	0.25295
104	0.16737
105	0.22608
106	0.52194
107	0.14134
108	0.09803
109	0.17877
110	0.2648
111	0.80919
112	0.51191
113	0.049789
114	0.3964
115	0.57809
116	0.12649
117	0.18511
118	0.53058
119	0.62561
120	0.044223
121	0.99737
122	0.84717
123	1.1509
124	0.79984
125	0.93503
126	0.69828
127	0.32429
128	0.63254
129	0.66081
130	0.56177
131	0.11509
132	0.021671
133	-0.002467
134	0.099475
135	0.22673
136	0.54435
137	-0.10781
138	0.39041
139	0.91226
140	0.43487
141	0.28198
142	0.13842
143	-0.22156
144	-0.081562
145	0.12615
146	0.29941
147	0.00754
148	-0.10211
149	-0.10022
150	0.028468
151	-0.10943
152	0.717
153	0.28953
154	0.76467
155	1.0281
156	1.3814
157	0.72419
158	0.38217
159	0.52684
160	0.55276
161	-0.099707
162	0.47681
163	0.93569
164	-0.028412
165	0.41406
166	0.10783
167	0.15071
168	0.52219
169	0.27415
170	0.74217
171	0.45195
172	0.77503
173	0.8274
174	1.1055
175	0.56752
176	0.53968
177	0.59654
178	0.13076
179	0.31132
180	0.43853
181	0.64863
182	0.60027
183	0.16958
184	0.40286
185	0.5672
186	0.4126
187	-0.059942
188	0.15903
189	0.93517
190	0.22291
191	0.26949
192	-0.12926
193	0.025832
194	0.98278
195	1.1586
196	1.3398
197	0.50744
198	0.85701
199	0.75641
200	0.54853
201	0.977
202	1.4675
203	0.74089
204	1.2193
205	1.4701
206	0.81841
207	0.31607
208	0.78567
209	0.50191
210	0.34583
211	-0.04203
212	0.71249
213	0.087289
214	0.66701
215	3.5562
216	1.2612
217	0.1579
218	0.45982
219	0.189
220	0.21148
221	-0.001306
222	0.51718
223	1.0623
224	0.46353
225	0.48992
226	0.42055
227	1.1449
228	1.0475
229	0.50685
230	0.91234
231	0.60655
232	0.074105
233	0.42188
234	0.35021
235	0.27816
236	-0.02164
237	0.92362
238	0.61559
239	0.9753
240	0.22294
241	-0.25708
242	-0.026243
243	0.91343
244	0.76047
245	-0.045936
246	-0.001896
247	0.060364
248	0.32619
249	0.13318
250	0.14992
251	0.19237
252	0.58978
253	0.026076
254	0.64327
255	0.25131
256	0.18196
257	0.55508
258	0.31345
259	0.22734
260	0.13244
261	0.22536
262	-0.123
263	0.47119
264	1.4968
265	1.1573
266	0.78927
267	1.2638
268	1.9271
269	0.1896
270	-0.17448
271	0.4936
272	0.27832
273	-0.018112
274	0.99954
275	1.4525
276	0.59551
277	0.31073
278	-0.097805
279	0.36001
280	0.065752
281	1.1245
282	1.234
283	0.10165
284	0.14037
285	0.66863
286	0.43657
287	0.31624
288	0.19412
289	0.25878
290	0.30428
291	0.17404
292	0.87339
293	0.24368
294	0.7281
295	0.23839
296	0.49169
297	0.35862
298	0.39434
299	0.39073
300	0.8724
301	0.35651
302	0.32116
303	-0.05635
304	0.1293
305	0.72886
306	0.94523
307	0.099217
308	0.31271
309	0.47652
310	0.2193
311	0.19806
312	0.25666
313	0.16713
314	0.49038
315	0.24029
316	1.2701
317	-0.043124
318	0.64832
319	1.053
320	0.15058
321	0.071431
322	0.64429
323	0.73416
324	0.052832
325	0.040037
326	0.57336
327	0.32708
328	0.27079
329	0.14054
330	0.94986
331	0.17892
332	0.10449
333	1.1274
334	0.31047
335	0.13626
336	0.14569
337	-0.36267
338	0.18348
339	-0.045251
340	1.0464
341	0.42835
342	0.92556
343	0.84768
344	-0.22411
345	0.27238
346	-0.32663
347	0.07786
348	-0.014085
349	0.16914
350	0.37882
351	0.91134
352	0.91461
353	0.57196
354	0.74038
355	0.13444
356	1.2702
357	0.76442
358	1.5948
359	0.72847
360	0.81061
361	0.56448
362	0.62464
363	0.37361
364	0.33101
365	1.3475
366	1.4019
367	0.8738
368	0.63684
369	1.9525
370	1.2541
371	1.5435
372	0.81127
373	0.29154
374	0.59434
375	0.41206
376	1.7803
377	1.063
378	0.38854
379	0.85611
380	0.46757
381	0.97743
382	1.3751
383	0.097448
384	0.71803
385	0.62443
386	0.85827
387	0.35936
388	0.83112
389	0.2454
390	0.79336
391	0.1896
392	-0.20577
393	-0.30091
394	-0.098566
395	0.16313
396	0.69911
397	0.6902
398	1.3663
399	0.044315
400	0.67428
401	0.43618
402	0.81775
403	0.29797
404	-0.041629
405	1.3945
406	1.3408
407	-0.10985
408	0.24865
409	1.6678
410	0.25872
411	0.52313
412	0.61634
413	0.15444
414	1.0477
415	0.87712
416	0.29998
417	0.87161
418	0.22241
419	0.091272
420	0.22369
421	0.37107
422	0.14454
423	0.92109
424	0.61417
425	0.35753
426	0.51872
427	0.94229
428	-0.1195
429	0.61674
430	0.70074
431	0.12542
432	0.46646
433	0.96885
434	0.41885
435	0.62289
436	0.15324
437	0.37067
438	0.20304
439	0.7137
440	0.24793
441	0.11147
442	0.57461
443	1.0822
444	0.77357
445	0.43914
446	0.2937
447	0.57092
448	0.83365
449	0.18192
450	0.22918
451	0.177
452	0.17792
453	0.45931
454	0.18761
455	-0.03999
456	0.35432
457	0.077866
458	0.30886
459	0.71551
460	0.7555
461	1.0157
462	1.3284
463	0.061482
464	0.44972
465	1.6693
466	0.23784
467	1.4253
468	1.0581
469	-0.001124
470	1.3913
471	1.5124
472	1.0799
473	0.057216
474	0.58723
475	0.3474
476	0.61316
477	1.0233
478	0.2403
479	-0.003769
480	0.21476
481	0.40074
482	0.24607
483	0.041606
484	0.13309
485	0.12956
486	0.21227
487	-0.016542
488	-0.26994
489	0.34276
490	0.26675
491	0.44595
492	1.2865
493	0.72407
494	0.31917
495	0.22874
496	-0.24392
497	0.60714
498	0.035589
499	1.325
500	0.70965
501	0.76907
502	0.3227
503	0.2525
504	0.11271
505	0.29017
506	0.26062
507	0.69382
508	0.1812
509	0.33398
510	0.057099
511	1.077
512	0.26043
513	0.76163
514	0.007012
515	0.28049
516	-0.059769
517	-0.057296
518	0.62868
519	0.48422
520	0.6528
521	0.30989
522	0.10006
523	0.27568
524	-0.15385
525	0.24681
526	0.29692
527	0.62943
528	0.24766
529	0.16395
530	0.072554
531	0.27839
532	0.11982
533	0.93069
534	0.94336
535	0.68139
536	0.37601
537	0.58449
538	2.0375
539	1.2173
540	0.019548
541	0.58251
542	0.002609
543	0.64951
544	-0.1816
545	0.64527
546	0.46713
547	0.29805
548	-0.018431
549	0.16028
550	0.091092
551	0.42085
552	0.1484
553	0.97885
554	0.42082
555	0.074043
556	0.43408
557	0.6873
558	0.704
559	0.55341
560	-0.29475
561	0.63754
562	0.30002
563	0.77855
564	0.018569
565	1.0866
566	0.37556
567	0.72171
568	0.3235
569	0.99264
570	0.69933
571	0.45616
572	0.45126
573	-0.002626
574	0.92979
575	0.39959
576	0.95836
577	0.95104
578	0.0432
579	0.72652
580	0.90498
581	0.29243
582	0.52692
583	0.37448
584	1.3338
585	0.93032
586	0.14795
587	0.63793
588	1.6776
589	0.13243
590	-0.008659
591	0.416
592	0.74674
593	0.88234
594	1.5479
595	0.38434
596	0.20585
597	0.67099
598	0.26618
599	0.54322
600	0.74163
601	0.59648
602	0.68913
603	0.78591
604	3.1013
605	0.14201
606	-0.087223
607	0.41937
608	0.041242
609	0.30503
610	-0.14089
611	0.30811
612	0.75682
613	-0.23206
614	0.36325
615	-0.057127
616	0.1155
617	0.34473
618	-0.045596
619	0.1357
620	0.5186
621	-0.011624
622	-0.11719
623	0.26693
624	-0.18288
625	0.6304
626	0.73114
627	1.8817
628	0.89854
629	0.5578
630	0.75773
631	-0.081609
632	0.69757
633	0.011395
634	0.51978
635	0.18951
636	-0.0971
637	0.061938
638	0.32721
639	0.79303
640	0.59562
641	0.66844
642	-0.097391
643	0.064301
644	0.45334
645	0.075042
646	0.93627
647	0.24739
648	-0.043677
649	0.26394
650	0.15386
651	0.088237
652	1.2506
653	0.42537
654	0.43369
655	0.34916
656	0.054981
657	0.32617
658	0.22986
659	0.47316
660	0.61788
661	0.2671
662	0.88802
663	0.52732
664	0.17169
665	0.88004
666	0.66134
667	1.1842
668	0.32669
669	0.61416
670	-0.22454
671	1.2592
672	-0.061568
673	0.23888
674	0.2366
675	0.76522
676	0.67429
677	0.53369
678	0.41853
679	0.50553
680	0.15441
681	-0.011442
682	0.19229
683	0.75888
684	0.47924
685	0.30656
686	0.40461
687	0.25101
688	-0.092993
689	-0.55062
690	0.26563
691	0.038625
692	-0.073639
693	1.0288
694	0.95003
695	1.4525
696	1.0535
697	0.96171
698	0.55927
699	0.9057
700	0.22937
701	0.44946
702	0.89863
703	0.79295
704	0.086428
705	1.38
706	0.31017
707	0.37322
708	0.69418
709	0.69308
710	0.061271
711	0.73065
712	0.61408
713	0.2427
714	0.23641
715	0.61035
716	1.1597
717	-0.11021
718	0.67117
719	0.6944
720	0.37216
721	0.28168
722	0.22788
723	0.20962
724	0.011171
725	0.32364
726	0.39881
727	0.62238
728	-0.46746
729	0.51407
730	0.69446
731	-0.27399
732	0.033394
733	0.59059
734	0.010063
735	0.33321
736	0.18058
737	0.50144
738	0.45673
739	1.1221
740	0.059182
741	1.2463
742	0.86685
743	0.33161
744	0.82745
745	0.94525
746	0.77666
747	0.54446
748	0.70222
749	0.44003
750	1.0538
751	0.82807
752	0.85195
753	0.15565
754	0.61213
755	-0.032423
756	0.38116
757	0.72641
758	0.10788
759	0.41927
760	0.34798
761	0.14834
762	0.3802
763	0.23054
764	0.1994
765	-0.08982
766	0.34861
767	0.73817
768	0.91852
769	0.34165
770	2.4655
771	0.31984
772	0.68743
773	1.6005
774	0.61209
775	0.45045
776	0.7947
777	0.30943
778	0.5166
779	-0.057842
780	0.23448
781	-0.30338
782	0.21177
783	0.30359
784	0.45923
785	0.2736
786	0.4145
787	0.15624
788	0.70852
789	0.057898
790	0.28724
791	1.2302
792	0.072545
793	0.36232
794	0.048883
795	0.3757
796	-0.4473
797	0.11069
798	0.11946
799	1.0728
800	0.88188
801	0.90305
802	0.62001
803	-0.042126
804	0.062883
805	0.098572
806	0.67161
807	0.42109
808	0.57975
809	1.2761
810	-0.23414
811	0.59836
812	0.86588
813	0.19658
814	-0.39869
815	0.72111
816	0.17163
817	1.1392
818	0.88235
819	0.23611
820	0.053425
821	0.12971
822	0.64046
823	0.14051
824	0.11452
825	0.56427
826	0.17529
827	-0.27679
828	1.263
829	0.63996
830	0.35476
831	0.83781
832	0.42467
833	0.45299
834	-0.029013
835	0.27301
836	0.58978
837	0.79572
838	0.072314
839	0.47445
840	0.77086
841	1.2457
842	0.34612
843	1.1232
844	0.6076
845	1.2612
846	0.43238
847	1.173
848	0.9003
849	1.1665
850	0.23126
851	0.16766
852	0.76203
853	0.34275
854	0.96636
855	0.27078
856	-0.03735
857	0.35527
858	0.86356
859	0.3917
860	1.0664
861	1.3021
862	1.246
863	0.88515
864	0.26087
865	0.4035
866	1.3975
867	0.72428
868	0.29539
869	0.22203
870	0.86006
871	0.74223
872	0.54549
873	-0.009198
874	0.98629
875	0.80202
876	0.61504
877	0.33963
878	0.76242
879	0.37529
880	0.57186
881	1.1006
882	0.21389
883	0.20097
884	0.12915
885	0.21425
886	0.16215
887	0.44742
888	0.27215
889	0.4038
890	1.0683
891	1.0679
892	0.097315
893	0.69118
894	0.81645
895	0.57677
896	0.28885
897	0.27188
898	0.14177
899	0.6349
900	-0.15318
901	0.17413
902	0.069065
903	0.18372
904	1.2354
905	0.82963
906	0.17912
907	0.005889
908	1.4641
909	0.93333
910	0.25984
911	0.26026
912	-0.073419
913	0.94945
914	0.60578
915	0.4594
916	0.042914
917	0.68829
918	0.21362
919	0.43597
920	1.1311
921	0.029965
922	-0.1851
923	-0.013506
924	0.48246
925	0.26851
926	0.032251
927	1.1138
928	0.6824
929	1.0455
930	0.6368
931	0.54912
932	0.5445
933	0.7171
934	0.35126
935	0.83963
936	0.87886
937	1.0912
938	0.33453
939	0.13013
940	1.2189
941	1.5641
942	0.69046
943	0.42585
944	0.66565
945	0.80003
946	0.26761
947	0.8042
948	1.158
949	0.47484
950	0.41629
951	0.17949
952	0.53093
953	0.53579
954	0.87342
955	1.5717
956	-0.53891
957	0.32467
958	1.2514
959	0.80727
960	0.82769
961	0.25272
962	0.22715
963	0.9658
964	0.48913
965	1.2442
966	0.81072
967	1.4528
968	0.52553
969	0.36599
970	0.22771
971	0.21577
972	0.80918
973	0.20046
974	0.1577
975	0.90597
976	0.77304
977	0.98079
978	0.19076
979	0.30537
980	0.36422
981	-0.066397
982	0.2814
983	0.15351
984	-0.12524
985	0.28941
986	0.52824
987	0.54172
988	0.32266
989	0.55752
990	0.064258
991	0.36636
992	0.28558
993	0.86329
994	1.1963
995	1.4966
996	0.20039
997	0.091434
998	0.59821
999	0.087933
1000	0.16677
1001	0.11935
1002	0.50588
1003	0.61801
1004	0.7431
1005	0.1501
1006	0.44498
1007	0.49254
1008	0.72846
1009	0.015105
1010	-0.14194
1011	0.33263
1012	0.95593
1013	0.077841
1014	0.67028
1015	0.44911
1016	0.55539
1017	0.31856
1018	0.10437
1019	-0.022042
1020	0.41199
1021	0.074032
1022	-0.10114
1023	0.78434
1024	0.7223
1025	0.51961
1026	0.99138
1027	0.10261
1028	0.13254
1029	1.2713
1030	0.4246
1031	0.92323
1032	0.71404
1033	-0.17485
1034	-0.1579
1035	-0.1069
1036	0.54044
1037	0.23298
1038	0.42913
1039	0.36341
1040	-0.085157
1041	0.53133
1042	1.2177
1043	0.141
1044	-0.19736
1045	0.72519
1046	0.40229
1047	-0.12782
1048	0.012231
1049	0.11649
1050	0.49426
1051	0.20202
1052	-0.030791
1053	0.35916
1054	0.067839
1055	0.88385
1056	0.81271
1057	0.23451
1058	0.79087
1059	0.22596
1060	-0.41056
1061	0.37381
1062	0.15186
1063	0.19509
1064	0.73877
1065	0.52857
1066	0.40959
1067	0.11849
1068	0.45925
1069	1.0155
1070	0.83717
1071	0.78692
1072	0.88973
1073	0.67761
1074	-0.14188
1075	0.43413
1076	0.36019
1077	0.20492
1078	0.053173
1079	0.42272
1080	-0.11052
1081	0.44056
1082	0.075052
1083	0.14882
1084	0.79318
1085	-0.035863
1086	-0.15167
1087	0.34699
1088	0.44236
1089	0.047498
1090	0.60876
1091	0.23319
1092	0.20408
1093	0.42966
1094	-0.20087
1095	0.66648
1096	0.88848
1097	0.63981
1098	0.049284
1099	-0.061725
1100	0.10348
1101	0.48408
1102	0.62162
1103	0.11546
1104	0.40538
1105	-0.15035
1106	0.70636
1107	1.1483
1108	0.67411
1109	0.25891
1110	-0.4123
1111	0.17755
1112	0.24005
1113	0.56091
1114	0.51781
1115	-0.060796
1116	0.38092
1117	0.45804
1118	0.57186
1119	0.47547
1120	0.61627
1121	0.76142
1122	0.54873
1123	0.91622
1124	0.4317
1125	0.5618
1126	0.073371
1127	0.18106
1128	-0.038811
1129	0.76995
1130	0.3719
1131	-0.18689
1132	0.60536
1133	-0.046216
1134	-0.36315
1135	0.57263
1136	0.96464
1137	0.23382
1138	0.20087
1139	-0.035241
1140	0.49218
1141	1.2574
1142	0.402
1143	0.40165
1144	0.28268
1145	-0.036471
1146	0.22024
1147	0.68397
1148	0.84603
1149	-0.076628
1150	1.0294
1151	1.2027
1152	0.69915
1153	0.31312
1154	0.33709
1155	0.63608
1156	0.14014
1157	0.22982
1158	0.7325
1159	0.73885
1160	0.47421
1161	0.1736
1162	1.0889
1163	1.0611
1164	0.57884
1165	0.45342
1166	-0.057573
1167	0.73831
1168	0.62061
1169	0.17591
1170	0.071945
1171	-0.071157
1172	0.45493
1173	0.70393
1174	0.8423
1175	1.1849
1176	0.51462
1177	0.029749
1178	1.412
1179	0.2337
1180	1.2915
1181	0.69071
1182	-0.26947
1183	0.23912
1184	-0.024397
1185	0.76336
1186	0.85994
1187	0.21125
1188	0.18035
1189	-0.015246
1190	0.50161
1191	0.12386
1192	0.5116
1193	-0.074079
1194	1.3017
1195	1.4289
1196	0.88489
1197	0.3624
1198	1.5266
1199	0.65309
1200	0.23143
1201	1.5696
1202	0.21311
1203	0.23467
1204	0.19615
1205	0.46937
1206	0.23062
1207	0.48345
1208	0.65468
1209	0.3795
1210	0.7112
1211	0.28488
1212	0.77768
1213	1.48
1214	0.80812
1215	0.14277
1216	0.56231
1217	0.34554
1218	1.2137
1219	0.5944
1220	0.51009
1221	0.23535
1222	0.18534
1223	0.44073
1224	0.34808
1225	0.89211
1226	0.80946
1227	0.37612
1228	0.30727
1229	0.26054
1230	-0.19149
1231	-0.098871
1232	0.86329
1233	0.12503
1234	0.12851
1235	0.18423
1236	0.43023
1237	0.41599
1238	0.52441
1239	0.47711
1240	0.048863
1241	0.32084
1242	0.46277
1243	0.38723
1244	-0.11844
1245	0.34327
1246	0.90414
1247	0.89119
1248	0.22746
1249	0.58892
1250	0.041803
1251	0.26084
1252	0.13363
1253	-0.012991
1254	0.91202
1255	1.6537
1256	1.3661
1257	1.0389
1258	0.2883
1259	0.64977
1260	0.81651
1261	0.13141
1262	0.62486
1263	0.37615
1264	0.30853
1265	0.039095
1266	-0.069984
1267	0.40144
1268	-0.022152
1269	0.35474
1270	0.74877
1271	0.48929
1272	0.40574
1273	0.25717
1274	1.2595
1275	0.22245
1276	0.31618
1277	1.2117
1278	1.1077
1279	0.8928
1280	1.1314
1281	0.84571
1282	0.28859
1283	0.55414
1284	1.0537
1285	0.79946
1286	0.30604
1287	0.024206
1288	0.77537
1289	0.84247
1290	0.001209
1291	-0.02613
1292	0.28823
1293	-0.18976
1294	0.31726
1295	0.70028
1296	0.25778
1297	-0.014476
1298	0.53891
1299	0.017825
1300	0.31048
1301	1.2138
1302	0.28871
1303	0.44515
1304	0.33234
1305	0.43151
1306	0.59045
1307	0.011381
1308	0.22199
1309	0.20256
1310	0.92203
1311	1.4979
1312	-0.043496
1313	-0.14064
1314	1.1066
1315	1.073
1316	0.3354
1317	1.14
1318	0.57707
1319	0.60484
1320	-0.26856
1321	0.57089
1322	1.1212
1323	0.90387
1324	0.67453
1325	0.80435
1326	0.82769
1327	0.22064
1328	0.37806
1329	0.43231
1330	0.38113
1331	0.55075
1332	-0.045774
1333	0.12467
1334	0.22289
1335	0.96387
1336	0.58459
1337	0.7354
1338	0.20608
1339	-0.17688
1340	0.64558
1341	0.12344
1342	0.29848
1343	0.043139
1344	0.16125
1345	0.24601
1346	0.16538
1347	0.248
1348	-0.012075
1349	0.11379
1350	0.12703
1351	0.51515
1352	-0.055773
1353	-0.13332
1354	-0.1225
1355	1.0802
1356	0.62593
1357	0.66716
1358	0.42436
1359	0.74027
1360	0.26236
1361	0.28962
1362	0.11091
1363	0.9519
1364	0.29126
1365	0.27457
1366	0.81132
1367	1.412
1368	-0.32816
1369	0.31787
1370	0.18152
1371	0.11801
1372	0.52727
1373	-0.10648
1374	0.2619
1375	0.30705
1376	0.017085
1377	0.63916
1378	0.34032
1379	0.099707
1380	0.96381
1381	0.16932
1382	-0.16187
1383	0.72161
1384	0.12192
1385	-0.03472
1386	-0.22285
1387	0.13327
1388	0.64405
1389	0.26194
1390	0.49893
1391	0.19265
1392	0.050971
1393	-0.13893
1394	0.13772
1395	0.37663
1396	-0.07464
1397	-0.14262
1398	-0.16653
1399	-0.41013
1400	1.1243
1401	1.1684
1402	1.4823
1403	1.055
1404	0.72896
1405	0.24498
1406	0.24146
1407	0.535
1408	-0.081862
1409	0.16563
1410	0.39042
1411	0.011813
1412	0.78619
1413	1.1591
1414	0.5988
1415	-0.22535
1416	0.73929
1417	0.17237
1418	0.37968
1419	0.33013
1420	-0.18919
1421	0.068059
1422	1.0693
1423	0.46332
1424	1.4169
1425	1.5637
1426	1.1848
1427	-0.003608
1428	-0.023726
1429	0.83564
1430	0.85661
1431	0.36435
1432	-0.059828
1433	0.29146
1434	0.18643
1435	-0.44114
1436	0.91795
1437	1.08
1438	1.2059
1439	0.65592
1440	1.0669
1441	1.5779
1442	0.12795
1443	0.3163
1444	0.43928
1445	0.78876
1446	0.44014
1447	0.37691
1448	0.69017
1449	0.98261
1450	1.2573
1451	0.24108
1452	0.28942
1453	0.003552
1454	0.78471
1455	0.28916
1456	0.87395
1457	0.15403
1458	0.27932
1459	0.10737
1460	0.48437
1461	0.14257
1462	-0.028465
1463	0.11126
1464	0.15977
1465	0.76526
1466	0.54183
1467	0.002216
1468	0.089454
1469	-0.38867
1470	0.27978
1471	0.40234
1472	0.53015
1473	1.0322
1474	1.3216
1475	1.1037
1476	-0.011876
1477	0.64607
1478	0.59446
1479	0.35996
1480	0.4571
1481	0.13151
1482	0.28769
1483	0.095966
1484	1.3159
1485	0.03249
1486	0.32683
1487	0.042028
1488	-0.10951
1489	-0.14283
1490	0.24861
1491	0.48711
1492	0.80432
1493	1.1704
1494	0.88317
1495	0.27891
1496	0.069966
1497	-0.078288
1498	0.38671
1499	-0.12212
1500	0.029238
1501	0.32326
1502	0.12372
1503	0.5426
1504	-0.10321
1505	0.60634
1506	0.091014
1507	0.92096
1508	0.7096
1509	0.53094
1510	-0.095948
1511	1.2886
1512	1.6793
1513	1.3385
1514	0.90854
1515	0.55566
1516	0.20125
1517	0.2246
1518	0.23074
1519	0.18208
1520	0.57355
1521	0.37785
1522	0.19137
1523	0.047241
1524	0.66573
1525	1.3876
1526	0.59888
1527	0.1474
1528	0.2343
1529	0.90543
1530	0.089165
1531	0.18871
1532	0.05995
1533	0.95918
1534	1.4954
1535	0.28729
1536	0.020013
1537	1.4242
1538	3.0286
1539	0.20716
1540	1.615
1541	0.57839
1542	0.75199
1543	0.2712
1544	0.29052
1545	0.061125
1546	0.34365
1547	1.1881
1548	0.4289
1549	1.5988
1550	1.3845
1551	0.35397
1552	-0.11514
1553	-0.19736
1554	0.82804
1555	0.13677
1556	0.2577
1557	0.64516
1558	-0.054907
1559	0.15212
1560	0.012482
1561	1.247
1562	0.56709
1563	0.84492
1564	0.62444
1565	-0.086442
1566	0.22132
1567	0.31562
1568	-0.29434
1569	0.79583
1570	0.61838
1571	-0.17794
1572	0.3002
1573	0.24375
1574	1.0301
1575	0.27583
1576	0.65005
1577	0.51455
1578	0.56796
1579	0.18192
1580	0.05287
1581	0.49189
1582	0.46402
1583	0.32852
1584	0.93386
1585	0.55147
1586	-0.10053
1587	0.29148
1588	1.1183
1589	0.76247
1590	0.78954
1591	1.0202
1592	0.14543
1593	0.42858
1594	0.4358
1595	0.19131
1596	0.045807
1597	-0.10611
1598	0.74709
1599	0.58595
1600	0.28355
1601	0.1077
1602	0.30661
1603	0.10681
1604	0.029434
1605	0.85308
1606	0.56595
1607	-0.12745
1608	1.0074
1609	1.5288
1610	0.45472
1611	0.57901
1612	-0.032499
1613	0.35682
1614	0.14809
1615	0.43058
1616	0.47085
1617	0.40016
1618	0.88905
1619	0.58177
1620	1.8141
1621	0.81131
1622	-0.14579
1623	1.1812
1624	0.8102
1625	1.3732
1626	0.85014
1627	-0.053088
1628	0.82482
1629	1.1275
1630	1.4135
1631	0.37124
1632	0.29587
1633	1.0966
1634	1.6368
1635	1.2737
1636	0.15652
1637	0.82845
1638	0.51686
1639	1.1844
1640	2.0261
1641	1.4402
1642	1.0811
1643	0.067002
1644	0.19822
1645	0.86813
1646	0.85421
1647	0.98248
1648	1.085
1649	-0.41099
1650	0.50087
1651	0.99824
1652	0.67057
1653	0.99152
1654	0.77567
1655	0.74357
1656	0.25874
1657	0.39873
1658	0.16694
1659	0.46226
1660	0.88075
1661	0.48809
1662	0.21453
1663	0.23308
1664	-0.024114
1665	1.3146
1666	0.69827
1667	0.2376
1668	1.2545
1669	1.1047
1670	0.88781
1671	-0.20803
1672	0.56795
1673	1.1731
1674	0.035975
1675	0.25421
1676	0.4332
1677	1.07
1678	1.7203
1679	1.4862
1680	1.4712
1681	1.1177
1682	0.00407
1683	0.70999
1684	1.2193
1685	0.12058
1686	0.56069
1687	0.17912
1688	0.96969
1689	1.4809
1690	0.16749
1691	0.38548
1692	0.38939
1693	0.42003
1694	0.36656
1695	-0.055274
1696	0.16579
1697	0.19226
1698	0.26008
1699	1.1224
1700	0.70309
1701	1.3464
1702	0.74646
1703	0.44966
1704	0.27364
1705	0.66051
1706	0.42353
1707	0.70325
1708	0.64719
1709	0.53897
1710	0.47816
1711	0.4988
1712	0.56238
1713	0.53663
1714	-0.050089
1715	0.21688
1716	0.11466
1717	0.14649
1718	0.26498
1719	0.72215
1720	0.22772
1721	0.4692
1722	0.84037
1723	0.17995
1724	0.79311
1725	0.32261
1726	1.1761
1727	1.1314
1728	-0.073427
1729	0.9963
1730	0.53376
1731	0.51121
1732	0.60676
1733	1.2135
1734	1.4579
1735	1.7728
1736	0.62944
1737	0.074129
1738	0.39571
1739	0.62525
1740	0.68245
1741	0.34071
1742	0.25964
1743	0.93177
1744	0.22659
1745	-0.17076
1746	0.46012
1747	0.27425
1748	0.98465
1749	1.2327
1750	0.57825
1751	-0.057857
1752	0.77707
1753	0.74286
1754	0.38348
1755	0.97185
1756	1.0026
1757	-0.32378
1758	0.008446
1759	0.31926
1760	0.85922
1761	1.16
1762	2.1808
1763	0.33541
1764	0.41744
1765	0.31532
1766	0.96674
1767	0.50646
1768	1.067
1769	0.22486
1770	0.6663
1771	0.64293
1772	0.45735
1773	0.68849
1774	0.014315
1775	-0.07493
1776	0.56034
1777	0.18082
1778	0.15975
1779	0.4767
1780	0.52284
1781	0.065961
1782	0.27292
1783	0.47738
1784	0.11309
1785	0.36006
1786	1.2157
1787	0.60128
1788	-0.046434
1789	0.13896
1790	0.84186
1791	1.5165
1792	0.56748
1793	0.29281
1794	1.138
1795	0.29601
1796	0.44708
1797	0.42461
1798	0.13562
1799	-0.043973
1800	0.19852
1801	0.43452
1802	0.57491
1803	0.053129
1804	0.12944
1805	0.32182
1806	0.1629
1807	0.053856
1808	0.91822
1809	1.0702
1810	0.48545
1811	0.30194
1812	0.17447
1813	0.30693
1814	1.0437
1815	1.1959
1816	0.45906
1817	0.084871
1818	0.43397
1819	0.44485
1820	0.9946
1821	1.0354
1822	0.20043
1823	-0.16314
1824	0.82295
1825	0.31102
1826	-0.5355
1827	0.56567
1828	0.94041
1829	1.1096
1830	0.29048
1831	0.25553
1832	0.028369
1833	-0.31486
1834	0.72232
1835	0.87666
1836	-0.26604
1837	-0.49066
1838	0.49836
1839	1.373
1840	1.9506
1841	0.37431
1842	0.29704
1843	0.23095
1844	0.23354
1845	-0.23805
1846	0.031831
1847	0.7212
1848	-0.23046
1849	0.25117
1850	-0.18948
1851	0.043468
1852	0.29108
1853	-0.13489
1854	1.0095
1855	0.37542
1856	0.47573
1857	0.40849
1858	0.23281
1859	0.80951
1860	0.019379
1861	0.8688
1862	1.0238
1863	1.0007
1864	0.50644
1865	-0.03163
1866	1.0141
1867	0.99988
1868	0.06746
1869	0.36174
1870	-0.32209
1871	0.33737
1872	0.054836
1873	0.4031
1874	0.43168
1875	0.15925
1876	0.05344
1877	0.13824
1878	1.2277
1879	0.62705
1880	0.89337
1881	0.45232
1882	-0.26255
1883	0.80948
1884	0.74987
1885	0.12802
1886	0.45199
1887	0.47244
1888	-0.11718
1889	-0.031087
1890	0.98762
1891	1.0462
1892	0.81322
1893	0.9646
1894	-0.15402
1895	0.46503
1896	0.46518
1897	0.31603
1898	0.91664
1899	0.50679
1900	1.3277
1901	0.23108
1902	0.45664
1903	0.17342
1904	0.53981
1905	0.15978
1906	0.023941
1907	0.18317
1908	0.79513
1909	0.12146
1910	0.23833
1911	0.3554
1912	0.087139
1913	0.4148
1914	1.2046
1915	0.16526
1916	0.93968
1917	-0.23429
1918	1.3065
1919	0.34845
1920	1.0005
1921	0.25619
1922	-0.41574
1923	0.13215
1924	-0.16483
1925	0.11684
1926	0.1827
1927	0.70869
1928	1.1746
1929	1.153
1930	0.31304
1931	0.14197
1932	0.15408
1933	-0.68909
1934	1.0494
1935	1.6993
1936	1.1582
1937	0.60949
1938	0.54783
1939	0.60229
1940	0.80744
1941	0.38639
1942	0.60272
1943	0.42165
1944	0.53458
1945	0.45938
1946	0.04443
1947	0.66393
1948	0.10139
1949	0.49818
1950	0.97682
1951	0.81739
1952	-0.020483
1953	0.14517
1954	-0.069363
1955	1.1487
1956	-0.012385
1957	2.2444
1958	3.3075
1959	1.3726
1960	0.64848
1961	0.64825
1962	1.0097
1963	0.29836
1964	-0.31088
1965	-0.30946
1966	0.58076
1967	0.40721
1968	0.15946
1969	0.44046
1970	0.00424
1971	0.80953
1972	-0.002469
1973	-0.020708
1974	0.52702
1975	0.43281
1976	-0.1169
1977	-0.14069
1978	0.50542
1979	0.316
1980	0.82075
1981	0.26706
1982	-0.026733
1983	0.85615
1984	0.99151
1985	1.7092
1986	0.42341
1987	0.20184
1988	0.23147
1989	0.72726
1990	0.59168
1991	0.59589
1992	0.82016
1993	0.54117
1994	1.007
1995	1.4883
1996	0.070887
1997	-0.046062
1998	0.025215
1999	0.6305
2000	0.40235
2001	0.30429
2002	0.74065
2003	0.56032
2004	0.80765
2005	0.28658
2006	0.041521
2007	0.93665
2008	0.89535
2009	0.047026
2010	0.48126
2011	0.23887
2012	0.76442
2013	1.0134
2014	1.4898
2015	0.34944
2016	0.03114
2017	0.60378
2018	0.55946
2019	1.344
2020	0.76342
2021	0.15767
2022	0.17219
2023	0.74593
2024	0.60805
2025	0.60479
2026	1.8361
2027	1.6528
2028	0.24311
2029	0.1689
2030	0.43047
2031	-0.27194
2032	0.17874
2033	0.15566
2034	-0.10836
2035	0.46514
2036	0.54357
2037	0.022471
2038	0.21963
2039	-0.025776
2040	-0.06841
2041	0.69497
2042	1.0352
2043	1.1342
2044	0.39215
2045	0.7474
2046	0.7437
2047	0.27565
2048	-0.18845
2049	0.79978
2050	0.2417
2051	0.025077
2052	0.00504
2053	-0.024586
2054	-0.037092
2055	0.18503
2056	0.33232
2057	0.21761
2058	0.12309
2059	0.3557
2060	0.73054
2061	0.3783
2062	0.22456
2063	0.49632
2064	1.1318
2065	0.2732
2066	-0.28533
2067	0.47422
2068	0.64655
2069	-0.25276
2070	1.1962
2071	0.86235
2072	0.098916
2073	0.39397
2074	0.8079
2075	0.28988
2076	0.85767
2077	0.25929
2078	0.070145
2079	0.082533
2080	-0.1816
2081	-0.25632
2082	0.51958
2083	0.036352
2084	-0.1575
2085	1.1001
2086	0.37367
2087	0.75846
2088	0.13113
2089	0.1716
2090	0.63368
2091	0.15291
2092	0.55177
2093	1.0679
2094	2.0912
2095	-0.14533
2096	-0.054084
2097	0.48691
2098	0.69397
2099	0.43857
2100	0.56999
2101	-0.1428
2102	0.004785
2103	0.14886
2104	1.1947
2105	0.96042
2106	-0.4398
2107	0.68814
2108	0.23246
2109	0.13607
2110	0.20414
2111	-0.081986
2112	0.72007
2113	0.53462
2114	0.49533
2115	-0.014897
2116	0.56531
2117	0.89175
2118	0.093215
2119	-0.29241
2120	0.54289
2121	0.78168
2122	0.6791
2123	0.49457
2124	0.39212
2125	-0.038671
2126	0.58069
2127	0.0762
2128	0.29146
2129	0.25776
2130	0.43732
2131	-0.089821
2132	0.19993
2133	0.70552
2134	0.62793
2135	-0.14187
2136	-0.41515
2137	1.1185
2138	0.13024
2139	0.9853
2140	0.4
2141	0.66397
2142	1.1054
2143	1.3842
2144	0.36701
2145	0.006316
2146	0.80155
2147	0.31862
2148	0.29772
2149	1.637
2150	0.76978
2151	0.336
2152	0.19878
2153	0.077121
2154	1.4456
2155	1.142
2156	0.046532
2157	-0.001697
2158	0.52327
2159	-0.063656
2160	0.5588
2161	-0.27504
2162	0.040608
2163	0.87594
2164	0.66282
2165	0.87779
2166	0.52471
2167	0.17919
2168	-0.039217
2169	0.21152
2170	0.18945
2171	-0.1812
2172	0.79523
2173	0.24693
2174	0.79274
2175	1.3626
2176	0.52213
2177	0.28803
2178	0.6764
2179	0.33498
2180	0.89907
2181	0.41886
2182	0.92154
2183	0.17
2184	-0.077583
2185	1.2113
2186	1.5884
2187	0.7165
2188	0.47372
2189	0.42898
2190	-0.044574
2191	0.040708
2192	0.33182
2193	0.97804
2194	0.64391
2195	0.30492
2196	0.74344
2197	0.33956
2198	0.90857
2199	1.2128
2200	-0.15674
2201	0.13788
2202	0.29484
2203	0.62049
2204	0.53156
2205	0.38013
2206	0.92287
2207	0.10905
2208	0.35122
2209	1.7703
2210	1.716
2211	0.81878
2212	0.22018
2213	0.21978
2214	0.16657
2215	1.3592
2216	0.21565
2217	0.46543
2218	0.74843
2219	1.2557
2220	1.361
2221	1.6889
2222	0.18013
2223	0.96665
2224	2.0326
2225	1.8765
2226	0.17479
2227	0.111
2228	0.15453
2229	0.2737
2230	0.75448
2231	1.198
2232	0.49202
2233	0.03743
2234	0.36587
2235	0.045796
2236	0.88336
2237	0.056724
2238	0.19714
2239	0.26274
2240	0.18413
2241	1.018
2242	1.1923
2243	0.38342
2244	0.22468
2245	0.75587
2246	1.2663
2247	0.77621
2248	-0.16729
2249	-0.26378
2250	-0.052889
2251	0.53645
2252	-0.079502
2253	0.12982
2254	-0.042677
2255	-0.27629
2256	0.097261
2257	0.59568
2258	0.5808
2259	-0.10407
2260	-0.033253
2261	0.45345
2262	1.0718
2263	0.72409
2264	0.7289
2265	-0.060758
2266	-0.28656
2267	0.29293
2268	0.18424
2269	0.26328
2270	0.38892
2271	0.73418
2272	0.78779
2273	-0.015444
2274	0.40142
2275	0.70636
2276	0.13121
2277	0.43449
2278	0.7684
2279	0.36383
2280	0.29206
2281	0.1184
2282	0.11578
2283	0.008762
2284	0.54783
2285	0.27992
2286	0.12441
2287	0.34973
2288	0.38467
2289	2.0474
2290	0.459
2291	0.46181
2292	0.15521
2293	0.03283
2294	-0.026912
2295	0.56668
2296	0.15562
2297	0.14676
2298	-0.042966
2299	1.5054
2300	0.56046
2301	0.29351
2302	-0.55112
2303	0.1409
2304	0.375
2305	0.58019
2306	0.73511
2307	-0.23414
2308	0.41584
2309	-0.19027
2310	0.065485
2311	0.024151
2312	0.54179
2313	0.56739
2314	0.14283
2315	-0.1856
2316	0.25245
2317	0.043151
2318	0.54866
2319	-0.3334
2320	0.44875
2321	0.42286
2322	0.10962
2323	0.40655
2324	-0.2129
2325	-0.074547
2326	0.38795
2327	0.1631
2328	-0.057294
2329	0.26083
2330	0.3562
2331	0.82571
2332	0.18268
2333	-0.001338
2334	0.709
2335	0.42357
2336	0.65895
2337	-0.1247
2338	0.2111
2339	0.13635
2340	-0.17488
2341	0.42555
2342	0.60427
2343	0.12684
2344	0.29308
2345	0.30512
2346	-0.42276
2347	0.49648
2348	0.59633
2349	-0.41083
2350	0.013409
2351	-0.1015
2352	-0.45375
2353	-0.21181
2354	0.1419
2355	-0.16945
2356	0.54045
2357	0.61728
2358	-0.10207
2359	0.50804
2360	0.16237
2361	0.91028
2362	0.21834
2363	0.77683
2364	0.10478
2365	0.62914
2366	0.41688
2367	0.66314
2368	0.36611
2369	-0.056841
2370	-0.17615
2371	-0.18435
2372	0.69602
2373	0.85841
2374	-0.36788
2375	0.87497
2376	1.3123
2377	0.97093
2378	0.023881
2379	0.0759
2380	0.05523
2381	-0.16252
2382	0.1275
2383	0.549
2384	1.2612
2385	0.35959
2386	0.22922
2387	-0.13426
2388	0.66577
2389	0.86691
2390	0.21431
2391	-0.26421
2392	0.84281
2393	0.35798
2394	0.7089
2395	0.95195
2396	-0.54482
2397	0.21899
2398	0.81429
2399	0.37297
2400	-0.25763
2401	0.63903
2402	0.12965
2403	0.38615
2404	0.095032
2405	0.84343
2406	0.65894
2407	0.37808
2408	0.20164
2409	0.34749
2410	0.48678
2411	0.94784
2412	0.3384
2413	0.014812
2414	0.62543
2415	0.35944
2416	0.31404
2417	0.74456
2418	0.45402
2419	-0.30042
2420	0.81897
2421	0.542
2422	0.66047
2423	0.17819
2424	1.3479
2425	0.91143
2426	0.005432
2427	0.41757
2428	1.3653
2429	1.1546
2430	0.42349
2431	0.28764
2432	0.7156
2433	0.55149
2434	0.22807
2435	0.20276
2436	0.036172
2437	-0.04865
2438	0.20802
2439	0.49242
2440	0.47263
2441	-0.19473
2442	0.30752
2443	0.28349
2444	0.16819
2445	1.0767
2446	0.81095
2447	0.16368
2448	-0.14338
2449	0.018905
2450	-0.013892
2451	0.29775
2452	0.37685
2453	0.9147
2454	0.052306
2455	0.38998
2456	0.41275
2457	0.4937
2458	0.92044
2459	0.044815
2460	0.25029
2461	-0.18723
2462	0.96161
2463	1.2897
2464	-0.000263
2465	-0.22097
2466	1.2432
2467	0.096042
2468	-0.090208
2469	0.082831
2470	-0.16649
2471	0.18742
2472	0.14114
2473	-0.03471
2474	0.37673
2475	0.28867
2476	-0.11102
2477	1.0191
2478	0.53374
2479	0.24902
2480	0.11822
2481	0.56971
2482	0.72015
2483	1.6192
2484	1.2627
2485	1.4679
2486	0.75088
2487	0.25167
2488	0.005191
2489	0.67445
2490	0.29681
2491	0.65687
2492	0.36116
2493	0.19428
2494	0.42186
2495	-0.16086
2496	0.20862
2497	0.28705
2498	0.095789
2499	0.33759
2500	0.72084
2501	0.73429
2502	-0.1651
2503	0.50691
2504	0.92799
2505	0.83386
2506	0.80207
2507	0.73622
2508	0.41162
2509	0.98091
2510	0.33986
2511	0.64585
2512	0.71427
2513	0.95237
2514	-0.19285
2515	0.45315
2516	0.43189
2517	0.072218
2518	0.97779
2519	1.3159
2520	0.43143
2521	-0.013269
2522	0.12237
2523	0.077794
2524	0.19356
2525	-0.52974
2526	0.26519
2527	-0.080488
2528	0.26533
2529	-0.12295
2530	0.21198
2531	-0.10353
2532	0.38387
2533	0.36601
2534	-0.38671
2535	0.057068
2536	0.167
2537	0.042768
2538	1.0103
2539	1.4176
2540	0.70766
2541	0.49771
2542	-0.04057
2543	-0.78876
2544	1.3911
2545	0.42019
2546	0.18677
2547	0.74514
2548	0.90024
2549	0.91076
2550	0.23682
2551	-0.011996
2552	0.042002
2553	0.37156
2554	0.16821
2555	1.4361
2556	3.2904
2557	1.2024
2558	0.19359
2559	0.040105
2560	0.8788
2561	0.10701
2562	0.31392
2563	0.74975
2564	0.56014
2565	0.24205
2566	0.76706
2567	1.5166
2568	0.69956
2569	0.53585
2570	1.1884
2571	0.22607
2572	-0.72
2573	0.52836
2574	0.47436
2575	0.62454
2576	0.48434
2577	0.49544
2578	-0.026394
2579	0.8245
2580	0.33764
2581	0.061822
2582	1.167
2583	1.6877
2584	0.64787
2585	0.47937
2586	0.39525
2587	0.38676
2588	-0.39811
2589	0.73799
2590	0.50488
2591	0.58751
2592	0.67942
2593	0.6261
2594	-0.082
2595	0.14733
2596	0.24631
2597	0.47488
2598	1.4007
2599	0.64642
2600	0.14954
2601	0.48977
2602	0.64281
2603	0.33656
2604	0.52837
2605	1.1788
2606	0.33997
2607	0.569
2608	0.29512
2609	0.22267
2610	-0.13629
2611	-0.2682
2612	0.24097
2613	0.37846
2614	0.12597
2615	0.81047
2616	0.52587
2617	0.63688
2618	-0.034264
2619	0.23576
2620	0.67155
2621	0.29319
2622	0.42539
2623	1.2984
2624	0.38387
2625	0.15408
2626	0.078795
2627	-0.094388
2628	0.10362
2629	0.49946
2630	-0.10505
2631	0.42076
2632	0.56457
2633	0.11281
2634	-0.33498
2635	1.0046
2636	0.33382
2637	0.33903
2638	0.056526
2639	0.28176
2640	0.19423
2641	1.1415
2642	0.13564
2643	0.61378
2644	0.46601
2645	0.88149
2646	0.15684
2647	0.29459
2648	0.24784
2649	-0.18853
2650	-0.13459
2651	0.18484
2652	1.206
2653	1.2188
2654	0.014235
2655	0.91475
2656	0.95761
2657	0.52607
2658	0.66906
2659	-0.16473
2660	0.030547
2661	0.70002
2662	1.1561
2663	0.85978
2664	-0.053314
2665	0.21728
2666	0.40819
2667	0.20529
2668	-0.047225
2669	0.42638
2670	0.29298
2671	0.44694
2672	0.30631
2673	0.2252
2674	0.28411
2675	0.052085
2676	0.46748
2677	0.71429
2678	-0.030959
2679	0.2448
2680	0.57476
2681	0.10517
2682	0.093097
2683	0.43424
2684	0.34148
2685	-0.21568
2686	0.1007
2687	0.67144
2688	0.46236
2689	-0.13858
2690	-0.32629
2691	-0.34879
2692	0.82355
2693	0.23268
2694	0.04389
2695	1.0316
2696	0.57788
2697	-0.050622
2698	-0.48046
2699	0.32726
2700	0.90496
2701	-0.018051
2702	0.34831
2703	0.19871
2704	0.45492
2705	0.40545
2706	0.23697
2707	-0.27057
2708	0.54163
2709	0.35509
2710	0.18946
2711	-0.33558
2712	0.64704
2713	0.52423
2714	-0.2346
2715	0.41923
2716	0.8454
2717	1.2433
2718	0.79692
2719	0.24368
2720	-0.14144
2721	0.026138
2722	0.036529
2723	0.29412
2724	-0.1527
2725	0.82272
2726	0.24059
2727	0.19037
2728	0.48455
2729	0.29454
2730	0.5057
2731	-0.018585
2732	0.42559
2733	0.3813
2734	0.26486
2735	0.16315
2736	-0.13171
2737	0.00321
2738	0.55977
2739	0.73995
2740	0.4798
2741	0.31674
2742	0.89412
2743	-0.020156
2744	0.69346
2745	0.6823
2746	-0.023958
2747	0.090391
2748	0.11338
2749	0.49444
2750	0.075069
2751	-0.14921
2752	0.60509
2753	0.59572
2754	0.46189
2755	-0.14018
2756	0.19263
2757	0.3272
2758	-0.029145
2759	0.84576
2760	0.37472
2761	0.23079
2762	0.10269
2763	0.20655
2764	0.20844
2765	0.16
2766	-0.04033
2767	0.27005
2768	0.14978
2769	0.098115
2770	0.37848
2771	0.31375
2772	0.69805
2773	0.51153
2774	-0.089747
2775	0.3222
2776	0.31796
2777	0.5759
2778	0.30525
2779	0.277
2780	-0.047823
2781	0.21516
2782	0.29731
2783	-0.006046
2784	-0.033075
2785	0.22088
2786	0.65106
2787	0.10203
2788	-0.07422
2789	0.08244
2790	0.48994
2791	0.3706
2792	2.9807
2793	0.038439
2794	0.16392
2795	0.39993
2796	0.53604
2797	0.22272
2798	0.12111
2799	0.65253
2800	0.19284
2801	0.25366
2802	-0.020318
2803	1.2248
2804	1.181
2805	0.35284
2806	0.8547
2807	0.7739
2808	0.8263
2809	1.0549
2810	0.56041
2811	0.19383
2812	0.27195
2813	0.423
2814	0.45597
2815	0.5658
2816	0.007019
2817	1.0234
2818	3.5175
2819	1.6179
2820	1.0147
2821	0.3683
2822	1.1538
2823	-0.19196
2824	0.17235
2825	0.48802
2826	-0.09234
2827	-0.006122
2828	0.14122
2829	-0.012565
2830	0.037425
2831	0.4474
2832	-0.07917
2833	0.90995
2834	0.26552
2835	0.60751
2836	0.39318
2837	0.41239
2838	0.82408
2839	0.20092
2840	0.6834
2841	0.25057
2842	1.2342
2843	1.1218
2844	0.82974
2845	0.49217
2846	0.14539
2847	0.57352
2848	1.1528
2849	-0.17794
2850	0.31307
2851	0.28269
2852	0.45524
2853	0.51158
2854	1.1093
2855	1.1593
2856	1.3045
2857	0.80038
2858	0.2203
2859	0.37509
2860	0.1156
2861	0.53792
2862	0.28399
2863	0.52989
2864	0.40301
2865	0.027996
2866	0.24497
2867	0.23105
2868	0.37606
2869	-0.20827
2870	-0.16735
2871	0.11255
2872	0.1702
2873	0.51248
2874	0.45308
2875	0.8201
2876	0.77439
2877	-0.47428
2878	1.5537
2879	1.0284
2880	-0.194
2881	0.86968
2882	0.18381
2883	0.43918
2884	1.0738
2885	0.64265
2886	1.4888
2887	1.5281
2888	0.95372
2889	0.10817
2890	0.70049
2891	0.60476
2892	0.42347
2893	0.68343
2894	0.68187
2895	0.59746
2896	0.17583
2897	0.8444
2898	0.49089
2899	0.15815
2900	1.0809
2901	2.1423
2902	1.5186
2903	1.6729
2904	-0.014106
2905	0.37699
2906	0.10487
2907	-0.21821
2908	1.0139
2909	1.2967
2910	0.030286
2911	-0.21825
2912	-0.008016
2913	-0.15033
2914	0.17264
2915	-0.07909
2916	0.15812
2917	0.088834
2918	0.25332
2919	0.27467
2920	0.51112
2921	0.90239
2922	0.38139
2923	0.64861
2924	0.84081
2925	-0.004749
2926	1.1201
2927	1.4302
2928	1.6564
2929	1.6568
2930	0.62463
2931	0.62378
2932	0.46999
2933	0.6261
2934	0.69
2935	1.2802
2936	0.18807
2937	0.5197
2938	-0.04121
2939	0.58231
2940	0.56155
2941	-0.085522
2942	0.86926
2943	0.28001
2944	0.32849
2945	0.61921
2946	0.64354
2947	0.4188
2948	-0.027775
2949	0.11332
2950	0.16308
2951	0.041503
2952	-0.14601
2953	0.33156
2954	1.0442
2955	0.55654
2956	3.6473
2957	0.85842
2958	0.33115
2959	0.76082
2960	-0.24271
2961	0.30213
2962	0.73401
2963	0.02749
2964	3.5396
2965	0.46189
2966	0.007902
2967	0.017779
2968	0.7688
2969	0.24498
2970	0.13222
2971	0.29792
2972	0.009577
2973	-0.37638
2974	-0.11997
2975	0.45587
2976	-0.07617
2977	0.4649
2978	0.35681
2979	0.004065
2980	0.83239
2981	0.2648
2982	0.13746
2983	0.030269
2984	0.57695
2985	0.92304
2986	0.1113
2987	-0.33904
2988	0.004514
2989	1.0464
2990	1.7488
2991	0.70439
2992	0.43827
2993	0.65964
2994	0.53562
2995	0.32446
2996	0.79105
2997	2.0692
2998	1.6653
2999	0.80028
3000	0.38513
3001	0.003905
3002	-0.07276
3003	0.30748
3004	0.79418
3005	0.55027
3006	-0.053601
3007	1.0318
3008	0.34991
3009	0.91524
3010	1.4104
3011	0.77928
3012	0.49668
3013	0.59931
3014	-0.069748
3015	0.14966
3016	0.27811
3017	0.92333
3018	0.4727
3019	0.34075
3020	0.48016
3021	0.40466
3022	0.96971
3023	0.93578
3024	0.35081
3025	0.67561
3026	0.27621
3027	0.82835
3028	0.47303
3029	0.074905
3030	0.3307
3031	0.38658
3032	0.16929
3033	0.34964
3034	1.5287
3035	0.92907
3036	0.050556
3037	0.96969
3038	1.3159
3039	0.79796
3040	0.26779
3041	0.90604
3042	0.87766
3043	1.0202
3044	1.5431
3045	-0.37816
3046	1.4085
3047	1.3386
3048	0.084868
3049	0.88595
3050	1.5248
3051	-0.12042
3052	0.81242
3053	0.5208
3054	-0.14408
3055	0.16458
3056	1.0473
3057	1.3838
3058	0.50682
3059	0.1603
3060	0.57569
3061	1.5704
3062	1.8188
3063	0.90611
3064	1.748
3065	1.4832
3066	0.74828
3067	0.12792
3068	0.12954
3069	1.1936
3070	1.5455
3071	0.86424
3072	0.44907
3073	0.25556
3074	0.21496
3075	0.74922
3076	1.4621
3077	0.70966
3078	0.38903
3079	0.069661
3080	-0.14347
3081	-0.37428
3082	0.25971
3083	0.33377
3084	0.29853
3085	0.021688
3086	1.0017
3087	0.37506
3088	0.43977
3089	1.3742
3090	0.78109
3091	0.5125
3092	0.1299
3093	-0.092806
3094	0.69712
3095	0.46136
3096	-0.49876
3097	0.48965
3098	0.53121
3099	0.55038
3100	0.22478
3101	1.1667
3102	0.60879
3103	0.17106
3104	-0.047249
3105	0.071267
3106	-0.20674
3107	-0.10578
3108	0.039885
3109	0.035342
3110	-0.31058
3111	-0.072998
3112	1.0826
3113	0.80439
3114	0.13964
3115	-0.30985
3116	0.5003
3117	-0.3022
3118	1.2914
3119	0.50992
3120	1.3226
3121	0.78596
3122	1.3773
3123	0.82685
3124	1.0287
3125	0.065642
3126	0.4824
3127	1.0141
3128	0.38422
3129	0.68994
3130	0.11346
3131	0.14738
3132	1.1282
3133	0.040284
3134	0.46902
3135	0.089924
3136	0.4008
3137	2.1326
3138	0.99909
3139	-0.082467
3140	-0.027374
3141	0.13383
3142	0.12274
3143	-0.28786
3144	-0.024583
3145	1.6136
3146	1.9976
3147	1.2769
3148	0.69055
3149	0.96853
3150	0.55939
3151	0.68082
3152	0.66455
3153	0.75093
3154	0.98886
3155	-0.066915
3156	0.38276
3157	0.76591
3158	0.14062
3159	0.85326
3160	0.84156
3161	-0.071868
3162	0.58796
3163	0.84463
3164	0.003085
3165	0.43085
3166	1.0472
3167	0.87543
3168	0.17425
3169	0.78004
3170	0.051477
3171	0.041069
3172	1.4171
3173	1.0607
3174	0.14612
3175	-0.21998
3176	-0.054935
3177	0.47417
3178	-0.069721
3179	0.24952
3180	0.052317
3181	0.91348
3182	0.41681
3183	0.5547
3184	1.069
3185	0.47032
3186	0.72124
3187	-0.29832
3188	0.95432
3189	0.30568
3190	1.098
3191	0.79782
3192	0.61464
3193	0.72846
3194	0.42523
3195	0.79322
3196	0.26528
3197	0.18595
3198	0.31751
3199	0.12468
3200	-0.20793
3201	0.28313
3202	0.44883
3203	0.59222
3204	0.69822
3205	0.65787
3206	0.029637
3207	-0.030928
3208	0.46952
3209	1.3378
3210	0.39198
3211	0.14329
3212	0.78225
3213	-0.27457
3214	0.31924
3215	0.2004
3216	-0.074192
3217	-0.17963
3218	0.96328
3219	0.099712
3220	-0.003586
3221	0.08567
3222	-0.44209
3223	0.46936
3224	-0.006939
3225	0.38131
3226	1.4312
3227	-0.10202
3228	0.27142
3229	0.32582
3230	0.92709
3231	0.11655
3232	0.023036
3233	0.13776
3234	-0.056768
3235	1.1511
3236	0.95246
3237	0.24943
3238	0.69603
3239	1.1739
3240	0.57504
3241	-0.11969
3242	-0.22547
3243	0.24945
3244	0.59452
3245	0.36966
3246	0.046342
3247	-0.30713
3248	1.3261
3249	0.40779
3250	0.26901
3251	-0.17439
3252	-0.26645
3253	-0.000674
3254	0.39299
3255	-0.13027
3256	0.9448
3257	0.30063
3258	0.55414
3259	0.32705
3260	0.21623
3261	0.13029
3262	-0.10305
3263	-0.36539
3264	0.28491
3265	0.36807
3266	-0.32349
3267	0.64174
3268	0.78246
3269	0.027238
3270	0.61744
3271	0.5068
3272	0.76417
3273	0.67175
3274	1.2488
3275	0.66419
3276	1.1606
3277	0.52502
3278	-0.086784
3279	0.22598
3280	0.32279
3281	-0.37801
3282	0.44826
3283	0.37943
3284	0.56185
3285	0.99839
3286	1.5254
3287	0.23396
3288	0.5676
3289	0.22102
3290	-0.043535
3291	0.034997
3292	0.52686
3293	-0.20961
3294	0.36393
3295	-0.018118
3296	-0.27891
3297	-0.45222
3298	-0.46529
3299	0.77322
3300	0.83257
3301	0.45173
3302	0.74922
3303	0.39913
3304	-0.032095
3305	0.9055
3306	0.37813
3307	0.19439
3308	0.83217
3309	0.60509
3310	0.2698
3311	0.26266
3312	0.36954
3313	1.3584
3314	0.3842
3315	0.29234
3316	-0.30199
3317	-0.044239
3318	0.48267
3319	0.47875
3320	0.94667
3321	0.070934
3322	0.4591
3323	0.6885
3324	0.14333
3325	0.42971
3326	-0.57467
3327	1.3685
3328	0.95598
3329	-0.001822
3330	-0.060771
3331	0.24944
3332	0.022529
3333	0.3195
3334	1.0055
3335	-0.25512
3336	0.21117
3337	0.35019
3338	-0.59058
3339	0.67941
3340	0.21002
3341	0.44503
3342	0.19816
3343	0.58988
3344	0.63774
3345	0.5387
3346	0.58825
3347	0.55713
3348	0.072354
3349	-0.22226
3350	0.38811
3351	0.044032
3352	0.62606
3353	0.98222
3354	0.31912
3355	0.33639
3356	0.050603
3357	0.85412
3358	0.2838
3359	0.98253
3360	0.90598
3361	0.19851
3362	0.75198
3363	0.12152
3364	0.46327
3365	1.0235
3366	0.64103
3367	-0.15644
3368	-0.11093
3369	0.89356
3370	0.8074
3371	0.25986
3372	0.17368
3373	0.91227
3374	0.74038
3375	0.13281
3376	1.4049
3377	0.87008
3378	0.47182
3379	1.0536
3380	0.34232
3381	0.73291
3382	0.19981
3383	0.42505
3384	0.23767
3385	1.0841
3386	0.69842
3387	-0.20906
3388	0.13243
3389	0.3515
3390	1.0453
3391	0.48009
3392	1.1367
3393	1.2198
3394	0.60826
3395	0.17851
3396	-0.13884
3397	0.33025
3398	0.45324
3399	0.13171
3400	0.50476
3401	0.3787
3402	0.80558
3403	1.0616
3404	-0.045565
3405	0.54428
3406	0.75801
3407	0.26812
3408	0.27131
3409	0.40754
3410	-0.013514
3411	0.17542
3412	-0.28698
3413	0.34276
3414	0.80485
3415	0.4588
3416	-0.15283
3417	-0.10106
3418	0.18748
3419	0.44219
3420	0.33115
3421	0.023014
3422	0.3053
3423	0.82906
3424	0.95118
3425	0.36433
3426	0.45373
3427	0.63988
3428	0.56019
3429	0.096394
3430	0.22339
3431	0.29171
3432	0.35174
3433	-0.13598
3434	0.37934
3435	0.56643
3436	0.40063
3437	0.14394
3438	-0.16144
3439	0.80332
3440	1.5626
3441	0.98198
3442	0.13409
3443	-0.17957
3444	0.093761
3445	0.12269
3446	0.23096
3447	0.036009
3448	-0.082287
3449	-0.13247
3450	0.40093
3451	0.35074
3452	0.4521
3453	0.66651
3454	0.11849
3455	0.6239
3456	-0.12172
3457	0.13856
3458	0.77219
3459	0.036905
3460	0.76713
3461	1.2396
3462	0.14653
3463	1.1955
3464	0.33022
3465	0.20907
3466	0.32118
3467	0.60715
3468	1.3807
3469	1.0564
3470	1.1225
3471	1.2252
3472	0.27251
3473	0.15273
3474	-0.39105
3475	0.58335
3476	0.57683
3477	0.46224
3478	0.021474
3479	0.85798
3480	0.27376
3481	0.67518
3482	0.25919
3483	0.52387
3484	-0.18559
3485	-0.26629
3486	0.013012
3487	0.22242
3488	0.53184
3489	0.16532
3490	0.79284
3491	1.164
3492	0.66748
3493	0.28263
3494	0.38209
3495	1.2105
3496	2.0876
3497	1.9865
3498	1.8949
3499	0.38618
3500	1.0101
3501	0.31185
3502	1.114
3503	0.99952
3504	0.48047
3505	-0.28905
3506	0.59132
3507	0.25431
3508	0.19847
3509	0.53201
3510	1.0941
3511	0.63877
3512	0.15729
3513	0.48021
3514	0.57593
3515	0.5304
3516	0.21559
3517	0.22392
3518	0.99488
3519	0.2833
3520	0.65975
3521	0.20707
3522	0.66217
3523	0.54655
3524	0.3073
3525	0.23442
3526	0.035335
3527	0.1372
3528	0.24233
3529	-0.1431
3530	0.24457
3531	0.60256
3532	0.74527
3533	0.47453
3534	0.2549
3535	-0.060481
3536	0.44413
3537	0.29202
3538	0.41062
3539	1.3488
3540	-0.22593
3541	0.6398
3542	1.4663
3543	0.66662
3544	1.1681
3545	0.039794
3546	1.2241
3547	0.77167
3548	0.35531
3549	0.29679
3550	0.31327
3551	0.27269
3552	0.46797
3553	0.25206
3554	0.6001
3555	0.71725
3556	-0.03409
3557	0.1433
3558	0.10216
3559	0.34694
3560	0.17488
3561	1.7169
3562	0.72028
3563	0.32742
3564	0.11265
3565	1.3106
3566	0.096428
3567	0.46997
3568	1.3779
3569	1.3124
3570	0.5788
3571	0.10483
3572	0.82991
3573	0.50649
3574	-0.18307
3575	0.092302
3576	-0.080117
3577	0.51445
3578	0.72222
3579	0.6516
3580	-0.10348
3581	0.75909
3582	0.10059
3583	-0.25833
3584	0.052144
3585	0.78605
3586	0.53939
3587	0.22793
3588	0.58902
3589	0.051369
3590	-0.31372
3591	0.40319
3592	0.89541
3593	0.92737
3594	0.18838
3595	0.42728
3596	0.91288
3597	0.62667
3598	1.2494
3599	0.64287
3600	0.86822
3601	0.29992
3602	-0.02715
3603	0.28251
3604	0.53133
3605	0.67234
3606	0.27319
3607	0.48656
3608	0.26148
3609	0.33623
3610	0.53331
3611	-0.002294
3612	0.29036
3613	0.001907
3614	0.95346
3615	0.45834
3616	0.17082
3617	-0.091469
3618	1.1484
3619	0.86956
3620	0.52026
3621	0.408
3622	0.70558
3623	0.11686
3624	1.1531
3625	0.25496
3626	0.17662
3627	0.41841
3628	0.61273
3629	0.14356
3630	0.20203
3631	0.48811
3632	0.019704
3633	0.2878
3634	0.009806
3635	0.3212
3636	0.41923
3637	0.35025
3638	0.3513
3639	0.57575
3640	0.63071
3641	1.2098
3642	0.80493
3643	1.3278
3644	0.43178
3645	0.37561
3646	0.66014
3647	0.63031
3648	0.80596
3649	1.3437
3650	0.17966
3651	0.067163
3652	-0.26338
3653	0.32886
3654	0.90712
3655	-0.082706
3656	0.29038
3657	0.35739
3658	0.13811
3659	1.6242
3660	-0.088675
3661	0.25745
3662	0.36744
3663	0.14108
3664	0.62723
3665	1.1491
3666	0.96375
3667	0.014227
3668	0.26072
3669	1.0693
3670	0.66552
3671	0.079285
3672	0.1839
3673	0.46699
3674	0.65218
3675	0.52085
3676	1.2749
3677	0.56879
3678	-0.095727
3679	0.42453
3680	0.1174
3681	0.47606
3682	0.36892
3683	0.56881
3684	0.53532
3685	0.83437
3686	3.2195
3687	0.12575
3688	0.024638
3689	0.41852
3690	0.94889
3691	0.25532
3692	0.72247
3693	0.62198
3694	0.054023
3695	0.5716
3696	1.273
3697	0.23903
3698	1.1758
3699	0.63976
3700	0.83943
3701	-0.037784
3702	0.3567
3703	-0.44815
3704	0.39671
3705	0.64447
3706	1.5486
3707	0.64036
3708	0.26475
3709	0.56342
3710	0.052781
3711	0.55128
3712	0.35919
3713	0.74608
3714	0.24892
3715	0.25105
3716	0.12888
3717	0.17908
3718	0.61997
3719	0.23639
3720	0.21817
3721	0.84975
3722	0.33904
3723	0.65474
3724	0.1695
3725	0.58543
3726	0.97172
3727	-0.18076
3728	0.51921
3729	0.27972
3730	1.1527
3731	2.1002
3732	0.69255
3733	0.24613
3734	1.3164
3735	0.85544
3736	0.52012
3737	0.8485
3738	0.25265
3739	0.50327
3740	0.031047
3741	0.6187
3742	0.030236
3743	0.36927
3744	0.004635
3745	0.50799
3746	0.15756
3747	0.61506
3748	0.13312
3749	0.008046
3750	0.11908
3751	0.704
3752	0.29226
3753	0.2376
3754	0.31634
3755	0.57253
3756	0.30367
3757	0.64154
3758	-0.011523
3759	1.0853
3760	-0.084947
3761	0.42019
3762	-0.12724
3763	0.8418
3764	0.043635
3765	0.17856
3766	-0.15392
3767	0.71056
3768	0.48312
3769	0.22544
3770	0.055645
3771	0.11289
3772	0.099843
3773	0.2907
3774	0.60681
3775	0.25536
3776	0.74981
3777	1.09
3778	0.32419
3779	0.56118
3780	0.39044
3781	0.42336
3782	0.28056
3783	0.009593
3784	-0.018051
3785	0.36816
3786	0.55718
3787	0.045897
3788	1.1285
3789	1.0102
3790	0.31688
3791	0.45761
3792	0.22673
3793	0.51391
3794	0.84157
3795	0.89838
3796	0.35885
3797	-0.052224
3798	-999
3799	0.60171
3800	0.73478
3801	0.28315
3802	-0.015046
3803	-0.12409
3804	0.65944
3805	0.84403
3806	1.0196
3807	0.53054
3808	0.44403
3809	0.46342
3810	0.20907
3811	1.2619
3812	0.66174
3813	0.668
3814	0.40301
3815	1.4541
3816	0.65579
3817	0.4637
3818	0.93359
3819	1.1146
3820	0.54284
3821	0.16916
3822	0.79445
3823	0.91437
3824	1.1967
3825	0.94807
3826	1.3403
3827	1.3333
3828	0.9164
3829	0.21984
3830	0.15183
3831	-0.40217
3832	-0.098092
3833	0.63053
3834	0.35928
3835	0.077037
3836	-0.44061
3837	0.55899
3838	0.86625
3839	0.90851
3840	1.0977
3841	0.27812
3842	0.11782
3843	-0.24159
3844	0.25192
3845	-0.21245
3846	0.55966
3847	0.54861
3848	0.11416
3849	0.90574
3850	0.36992
3851	0.55932
3852	0.62763
3853	0.18411
3854	-0.39507
3855	-0.55567
3856	-0.016743
3857	0.058422
3858	-0.059231
3859	0.013622
3860	0.53868
3861	-0.008241
3862	0.46164
3863	1.2017
3864	0.41923
3865	-0.046901
3866	0.047194
3867	0.039381
3868	0.46863
3869	-0.069133
3870	0.3596
3871	0.4928
3872	0.32464
3873	0.8687
3874	0.178
3875	-0.14144
3876	0.95962
3877	1.3699
3878	2.2037
3879	1.6337
3880	1.3106
3881	0.17255
3882	1.1909
3883	0.2064
3884	0.71291
3885	0.49431
3886	0.14041
3887	0.53583
3888	-0.068967
3889	-0.26404
3890	0.53555
3891	0.089181
3892	-0.1739
3893	-0.087497
3894	-0.046184
3895	-0.12957
3896	0.038241
3897	0.88002
3898	0.90506
3899	2.0945
3900	0.060497
3901	-0.22921
3902	-0.06532
3903	1.3322
3904	0.68972
3905	0.60831
3906	1.6119
3907	0.23433
3908	0.89849
3909	0.50959
3910	-0.35162
3911	1.7862
3912	1.6074
3913	1.7751
3914	0.53188
3915	0.049462
3916	-0.13834
3917	1.2679
3918	0.19727
3919	0.21905
3920	1.1514
3921	0.84315
3922	-0.36249
3923	-0.18198
3924	1.388
3925	2.5022
3926	1.1685
3927	0.96312
3928	0.95692
3929	0.99368
3930	1.4864
3931	0.1106
3932	0.045144
3933	0.41574
3934	0.074602
3935	0.60865
3936	0.10491
3937	0.19179
3938	0.024683
3939	1.0507
3940	0.58887
3941	0.99689
3942	0.2338
3943	0.24205
3944	0.95308
3945	0.40955
3946	1.0104
3947	0.50855
3948	0.09168
3949	0.24024
3950	0.87771
3951	0.4964
3952	0.85327
3953	0.37216
3954	0.31305
3955	0.27971
3956	-0.026986
3957	0.14172
3958	-0.38179
3959	0.74312
3960	0.39989
3961	0.61108
3962	0.85031
3963	1.4037
3964	0.03596
3965	0.45386
3966	0.36375
3967	0.30156
3968	0.18173
3969	1.1942
3970	1.0216
3971	0.85431
3972	0.18578
3973	0.51235
3974	0.52563
3975	0.37489
3976	0.25859
3977	-0.18822
3978	0.52087
3979	0.56826
3980	0.19736
3981	0.38931
3982	0.32731
3983	0.42352
3984	0.83123
3985	0.24227
3986	0.12468
3987	0.85617
3988	0.39986
3989	0.076168
3990	0.46251
3991	0.73481
3992	-0.046989
3993	0.38833
3994	-0.30107
3995	0.047634
3996	0.13763
3997	0.40589
3998	0.12643
3999	0.57197
4000	1.5186
4001	1.2317
4002	0.24197
4003	0.043503
4004	0.528
4005	0.8037
4006	0.12436
4007	-0.1909
4008	0.9619
4009	0.73117
4010	0.25886
4011	0.51006
4012	0.061078
4013	0.50998
4014	0.5374
4015	0.030199
4016	0.22665
4017	0.65218
4018	-0.012063
4019	1.4479
4020	0.51983
4021	-0.074653
4022	0.78551
4023	-0.216
4024	0.56508
4025	0.38421
4026	0.18716
4027	0.45207
4028	-0.47447
4029	-0.18918
4030	-0.25922
4031	0.34451
4032	0.20267
4033	1.7037
4034	1.1065
4035	0.5975
4036	0.32414
4037	0.47234
4038	0.42003
4039	0.61125
4040	-0.2286
4041	1.3803
4042	0.13639
4043	-0.10362
4044	0.46937
4045	1.4343
4046	0.27538
4047	1.4112
4048	1.6258
4049	0.10653
4050	0.9759
4051	0.066905
4052	-0.46231
4053	0.54609
4054	0.55118
4055	0.78661
4056	1.2865
4057	1.6182
4058	0.1421
4059	0.59496
4060	-0.061603
4061	0.89235
4062	1.144
4063	0.21706
4064	0.20456
4065	0.69619
4066	0.76913
4067	0.25645
4068	-0.43613
4069	0.10143
4070	0.43822
4071	-0.070818
4072	0.57278
4073	0.44476
4074	0.07168
4075	-0.012635
4076	-0.092862
4077	-0.002226
4078	-0.049353
4079	1.2437
4080	1.1926
4081	0.29107
4082	0.68809
4083	0.94927
4084	0.30556
4085	0.28129
4086	0.95081
4087	0.50893
4088	0.34019
4089	1.2237
4090	1.871
4091	0.74061
4092	0.86333
4093	0.095161
4094	0.54911
4095	1.0291
4096	0.38046
4097	0.24352
4098	0.80586
4099	0.1121
4100	0.10557
4101	0.003005
4102	0.010214
4103	0.071781
4104	0.61554
4105	0.7857
4106	1.1366
4107	1.4722
4108	1.605
4109	0.7974
4110	0.73159
4111	0.62754
4112	0.81699
4113	0.16208
4114	1.1103
4115	0.7164
4116	0.04703
4117	0.044236
4118	0.24464
4119	0.087911
4120	-0.075936
4121	0.84208
4122	0.83106
4123	0.60966
4124	-0.1784
4125	0.14195
4126	0.1607
4127	0.96819
4128	1.3811
4129	0.35816
4130	0.027164
4131	1.5032
4132	1.9446
4133	0.46721
4134	0.66148
4135	0.321
4136	0.047089
4137	0.074759
4138	-0.20127
4139	2.3117
4140	2.1002
4141	0.14216
4142	-0.037297
4143	0.37618
4144	0.9078
4145	-0.09972
4146	-0.1404
4147	0.87102
4148	0.58855
4149	0.71347
4150	0.53445
4151	0.10575
4152	-0.12536
4153	0.13452
4154	1.0115
4155	0.39075
4156	0.54457
4157	0.95708
4158	0.13359
4159	0.7187
4160	1.2536
4161	0.16331
4162	1.0674
4163	0.81094
4164	0.16969
4165	0.56173
4166	0.40515
4167	0.8911
4168	0.28132
4169	1.1388
4170	1.4115
4171	1.0063
4172	0.495
4173	1.5413
4174	0.88266
4175	0.42619
4176	0.57681
4177	0.42898
4178	0.32809
4179	-0.15935
4180	0.50491
4181	0.1863
4182	0.37935
4183	0.80854
4184	1.0355
4185	0.45085
4186	0.11627
4187	0.09071
4188	0.78397
4189	0.091713
4190	0.75749
4191	0.69049
4192	0.50938
4193	1.0377
4194	1.1118
4195	1.011
4196	1.065
4197	0.56828
4198	0.59636
4199	0.60514
4200	0.23136
4201	0.16624
4202	0.32411
4203	0.49953
4204	0.40997
4205	0.19668
4206	0.33774
4207	-0.37904
4208	0.56077
4209	1.3953
4210	1.4039
4211	0.49481
4212	0.28183
4213	0.34476
4214	-0.01533
4215	0.40738
4216	0.40434
4217	0.38853
4218	0.26834
4219	0.64326
4220	0.13985
4221	0.12595
4222	0.44431
4223	0.52149
4224	0.15383
4225	0.60359
4226	0.86044
4227	0.24355
4228	0.57595
4229	-0.3383
4230	0.8737
4231	0.73627
4232	0.030594
4233	0.36802
4234	1.4377
4235	0.44481
4236	0.74902
4237	0.78282
4238	0.50647
4239	0.6167
4240	0.70205
4241	0.89112
4242	0.019021
4243	0.86697
4244	1.1094
4245	0.25374
4246	0.33439
4247	-0.078316
4248	0.31216
4249	0.24333
4250	0.041719
4251	1.099
4252	1.0358
4253	0.79515
4254	0.15145
4255	0.30172
4256	0.028591
4257	1.0903
4258	-0.044285
4259	0.4073
4260	0.86833
4261	-0.058741
4262	-0.037793
4263	0.88379
4264	0.39373
4265	0.31069
4266	-0.021801
4267	0.47213
4268	1.8379
4269	1.4932
4270	0.95138
4271	0.73114
4272	0.2423
4273	0.48033
4274	-0.035117
4275	0.69071
4276	1.0966
4277	1.6226
4278	1.9504
4279	0.54585
4280	1.7325
4281	1.2635
4282	1.8074
4283	2.3207
4284	1.0453
4285	0.20307
4286	-0.26614
4287	0.28392
4288	0.22519
4289	0.48809
4290	0.8652
4291	0.55236
4292	0.14676
4293	-0.63521
4294	-0.064003
4295	0.71802
4296	0.67909
4297	0.31596
4298	0.28301
4299	-0.33166
4300	1.0873
4301	0.4177
4302	0.31553
4303	0.18343
4304	0.6712
4305	-0.025558
4306	0.4669
4307	0.24823
4308	0.056392
4309	0.83882
4310	0.47646
4311	0.50707
4312	-0.25082
4313	0.43648
4314	0.33852
4315	0.81901
4316	0.27597
4317	0.50851
4318	0.49845
4319	0.19554
4320	1.0588
4321	1.1526
4322	0.34648
4323	1.0106
4324	0.74286
4325	-0.24037
4326	-0.047995
4327	0.49467
4328	0.036003
4329	0.53788
4330	0.71487
4331	-0.14491
4332	0.31822
4333	0.50184
4334	0.44914
4335	0.27679
4336	0.004444
4337	0.52012
4338	0.25366
4339	1.3962
4340	1.3122
4341	0.31607
4342	0.29875
4343	0.2882
4344	0.66981
4345	0.50416
4346	1.5324
4347	0.20283
4348	0.1653
4349	0.51516
4350	-0.25408
4351	0.86651
4352	0.23396
4353	0.10822
4354	-0.40762
4355	0.19904
4356	0.19275
4357	0.053401
4358	0.25472
4359	1.4748
4360	1.1349
4361	1.1042
4362	0.33256
4363	-0.036602
4364	0.42015
4365	0.41955
4366	-0.30639
4367	0.31798
4368	0.20591
4369	3.2348
4370	0.61752
4371	1.007
4372	0.89582
4373	0.93767
4374	1.2727
4375	0.90796
4376	0.31587
4377	-0.029109
4378	-0.095381
4379	-0.19911
4380	0.22207
4381	0.67711
4382	0.66996
4383	0.15673
4384	0.015825
4385	0.33134
4386	0.34046
4387	0.22987
4388	1.315
4389	0.43795
4390	1.1278
4391	1.3566
4392	1.181
4393	0.6102
4394	0.3294
4395	0.97169
4396	0.045497
4397	0.74064
4398	0.93926
4399	0.060223
4400	-0.27097
4401	0.27047
4402	1.4797
4403	0.57355
4404	0.054332
4405	0.52526
4406	-0.014301
4407	-0.064468
4408	0.43522
4409	1.1968
4410	0.27367
4411	-0.47037
4412	0.27287
4413	0.2273
4414	0.64472
4415	1.4152
4416	0.23767
4417	0.49083
4418	0.71049
4419	1.3537
4420	0.28887
4421	0.61118
4422	0.90686
4423	0.76876
4424	-0.017921
4425	0.3882
4426	0.48617
4427	-0.051218
4428	-0.12173
4429	0.23742
4430	0.23082
4431	0.77276
4432	0.60311
4433	0.30519
4434	0.15556
4435	1.0308
4436	0.50461
4437	0.098248
4438	0.36227
4439	0.1049
4440	0.1584
4441	0.45856
4442	0.035655
4443	0.19051
4444	0.57109
4445	0.60072
4446	0.14168
4447	1.4992
4448	1.458
4449	0.41486
4450	-0.39153
4451	0.15216
4452	0.46742
4453	0.21478
4454	0.3236
4455	0.19666
4456	0.40778
4457	0.15566
4458	0.72184
4459	0.00302
4460	0.060323
4461	1.1931
4462	1.7002
4463	0.43072
4464	1.1033
4465	1.2541
4466	1.9999
4467	1.5632
4468	0.57135
4469	0.5621
4470	-0.15657
4471	0.55033
4472	0.25246
4473	0.78521
4474	0.34707
4475	0.32992
4476	0.39347
4477	0.1512
4478	0.7035
4479	0.87541
4480	0.29198
4481	0.42053
4482	1.1697
4483	1.2314
4484	1.2146
4485	1.1703
4486	0.21751
4487	0.21846
4488	0.25228
4489	0.04384
4490	0.10356
4491	0.49001
4492	0.26371
4493	0.13203
4494	1.0525
4495	0.62665
4496	0.36025
4497	0.92467
4498	0.76602
4499	0.57558
4500	0.90536
4501	0.59427
4502	0.51795
4503	0.95804
4504	1.1007
4505	1.3449
4506	0.85424
4507	0.82001
4508	-0.14865
4509	-0.31157
4510	0.78284
4511	0.56187
4512	0.43696
4513	0.42482
4514	0.38113
4515	0.66871
4516	0.61262
4517	0.033115
4518	0.71667
4519	0.18329
4520	0.97291
4521	0.30005
4522	0.55668
4523	0.56052
4524	0.64878
4525	0.069982
4526	0.30698
4527	0.51407
4528	-0.28851
4529	0.17105
4530	1.3075
4531	1.9616
4532	0.17186
4533	1.1237
4534	1.405
4535	0.51105
4536	0.69416
4537	1.6843
4538	0.16549
4539	0.11776
4540	0.031341
4541	0.052261
4542	0.62071
4543	0.60287
4544	0.071904
4545	0.067838
4546	0.93636
4547	-0.31284
4548	0.027153
4549	0.291
4550	0.011999
4551	0.072603
4552	0.012729
4553	0.69377
4554	0.34308
4555	0.48085
4556	0.90503
4557	1.0356
4558	1.1018
4559	0.10356
4560	-0.41956
4561	0.0257
4562	0.72125
4563	0.53102
4564	0.42643
4565	0.057927
4566	-0.012526
4567	0.076538
4568	0.66273
4569	0.9513
4570	1.344
4571	0.64323
4572	0.94315
4573	0.41491
4574	-0.18757
4575	0.18077
4576	0.64659
4577	0.082706
4578	0.62877
4579	1.047
4580	0.65099
4581	0.039227
4582	0.12234
4583	0.71803
4584	0.23394
4585	0.37999
4586	0.33744
4587	0.27462
4588	-0.081485
4589	0.56397
4590	0.39601
4591	0.70999
4592	-0.079255
4593	0.53417
4594	-0.000848
4595	0.50703
4596	0.22741
4597	0.085321
4598	-0.22075
4599	0.061642
4600	0.48856
4601	0.5533
4602	0.19369
4603	0.8247
4604	0.95589
4605	0.45196
4606	0.48017
4607	0.2094
4608	0.78019
4609	0.32679
4610	0.1885
4611	0.057979
4612	0.192
4613	0.8339
4614	0.48142
4615	0.10963
4616	-0.12738
4617	-0.02271
4618	0.3612
4619	-0.11472
4620	0.86958
4621	0.24712
4622	0.064766
4623	-0.024903
4624	0.13769
4625	0.24392
4626	0.13565
4627	0.005114
4628	-0.051159
4629	0.18272
4630	0.19066
4631	-0.052168
4632	-0.4062
4633	0.59713
4634	0.81608
4635	0.75412
4636	0.6625
4637	1.0449
4638	0.55546
4639	0.41276
4640	-0.095401
4641	0.090409
4642	-0.069267
4643	0.069832
4644	0.15255
4645	0.13488
4646	0.21433
4647	0.2677
4648	0.2286
4649	-0.35508
4650	0.34725
4651	0.83809
4652	-0.055098
4653	-0.016122
4654	0.70513
4655	0.094027
4656	-0.00428
4657	0.24222
4658	0.60297
4659	-0.004704
4660	0.97115
4661	-0.16301
4662	0.55354
4663	0.76881
4664	0.10436
4665	0.3851
4666	0.15028
4667	0.13505
4668	0.60591
4669	0.41743
4670	-0.13962
4671	0.76722
4672	1.1579
4673	2.0716
4674	0.19793
4675	0.35632
4676	0.49248
4677	0.25548
4678	0.18631
4679	-0.27814
4680	0.23923
4681	-0.11503
4682	-0.1429
4683	0.74082
4684	0.44952
4685	0.059867
4686	-0.15726
4687	-0.33317
4688	0.16124
4689	0.39333
4690	-0.43704
4691	0.26328
4692	-0.032757
4693	-0.058128
4694	-0.089709
4695	0.24506
4696	0.45213
4697	0.38474
4698	-0.053265
4699	0.25272
4700	-0.084276
4701	0.6618
4702	0.02872
4703	-0.28816
4704	0.62497
4705	1.2658
4706	0.62529
4707	-0.27129
4708	0.38901
4709	0.10983
4710	0.18792
4711	-0.089644
4712	0.43008
4713	-0.08101
4714	0.13227
4715	0.20297
4716	-0.1221
4717	0.39583
4718	1.5756
4719	-0.1853
4720	0.40202
4721	0.52242
4722	0.92239
4723	-0.35884
4724	0.40896
4725	0.14645
4726	0.62352
4727	0.15042
4728	0.31312
4729	0.46283
4730	1.5712
4731	1.7216
4732	1.0187
4733	0.071508
4734	0.23277
4735	-0.11356
4736	0.71333
4737	-0.058225
4738	1.187
4739	0.94739
4740	0.09428
4741	0.36891
4742	0.80583
4743	1.1147
4744	0.50414
4745	0.56714
4746	0.10722
4747	0.3223
4748	0.069215
4749	1.0106
4750	1.7471
4751	1.3341
4752	0.37545
4753	0.87001
4754	1.0454
4755	0.9321
4756	0.97892
4757	0.84972
4758	0.47987
4759	0.78398
4760	0.4036
4761	0.54332
4762	-0.46869
4763	0.70589
4764	1.1374
4765	0.9978
4766	1.074
4767	0.2412
4768	0.26284
4769	0.13639
4770	-0.31123
4771	-0.24884
4772	0.44762
4773	0.81134
4774	0.97333
4775	0.93433
4776	0.36305
4777	0.48875
4778	0.71968
4779	0.99457
4780	0.34435
4781	0.35975
4782	0.30721
4783	-0.35605
4784	0.78981
4785	0.077486
4786	-0.036492
4787	0.10821
4788	0.14261
4789	0.97019
4790	0.89245
4791	0.68311
4792	0.5062
4793	1.3735
4794	0.18571
4795	0.23184
4796	0.32541
4797	0.098614
4798	0.24446
4799	0.90744
4800	-0.35096
4801	0.036046
4802	0.89829
4803	0.63172
4804	0.53573
4805	1.3876
4806	0.62844
4807	0.17664
4808	-0.14092
4809	0.46685
4810	0.43138
4811	0.69208
4812	0.56369
4813	0.14486
4814	0.47681
4815	0.59685
4816	0.31514
4817	0.087051
4818	0.9188
4819	0.37144
4820	0.61531
4821	0.57616
4822	0.93878
4823	0.74636
4824	0.49196
4825	0.73326
4826	0.1492
4827	0.52268
4828	0.096739
4829	0.45699
4830	0.18174
4831	-0.22087
4832	0.038804
4833	0.7483
4834	0.38577
4835	0.16699
4836	1.4377
4837	0.92813
4838	1.2376
4839	0.49358
4840	0.39659
4841	0.92373
4842	0.69301
4843	1.6224
4844	6.1695
4845	0.50151
4846	-0.08875
4847	0.15613
4848	0.33644
4849	-0.22447
4850	-0.31711
4851	0.58711
4852	0.023934
4853	0.15943
4854	0.42941
4855	1.4687
4856	0.11065
4857	0.23942
4858	0.49837
4859	0.068459
4860	0.24027
4861	0.35537
4862	0.70876
4863	0.74155
4864	0.61668
4865	0.57625
4866	0.37246
4867	1.1853
4868	0.39659
4869	0.90896
4870	-0.13731
4871	0.56117
4872	0.12508
4873	0.53397
4874	0.048973
4875	0.30276
4876	0.47837
4877	0.13964
4878	0.36176
4879	0.72175
4880	0.52557
4881	-0.11676
4882	-0.29121
4883	0.215
4884	0.085298
4885	0.32329
4886	0.61743
4887	0.31062
4888	-0.032857
4889	0.31234
4890	0.63532
4891	-0.15674
4892	-0.29165
4893	-0.004887
4894	0.32634
4895	-0.006786
4896	0.77702
4897	0.70222
4898	-0.052711
4899	0.067118
4900	0.46912
4901	-0.39163
4902	0.27251
4903	1.0412
4904	0.049933
4905	0.079337
4906	0.50739
4907	-0.080381
4908	-0.10648
4909	-0.081449
4910	0.33284
4911	0.45774
4912	0.85325
4913	-0.25523
4914	0.63115
4915	-0.22988
4916	0.30164
4917	0.14489
4918	-0.15948
4919	0.92151
4920	1.0155
4921	1.0042
4922	1.2798
4923	0.13521
4924	0.83077
4925	0.92136
4926	0.20753
4927	0.71933
4928	0.47871
4929	0.18422
4930	0.63933
4931	-0.29811
4932	0.17483
4933	0.18687
4934	-0.21618
4935	0.26438
4936	0.67537
4937	0.46087
4938	0.36626
4939	1.5357
4940	0.90519
4941	-0.41463
4942	0.23047
4943	-0.47552
4944	-0.14447
4945	0.045969
4946	0.4129
4947	-0.35615
4948	0.51162
4949	0.61203
4950	0.57579
4951	1.3781
4952	0.92354
4953	0.59609
4954	0.69113
4955	0.27128
4956	0.35271
4957	0.6735
4958	0.32531
4959	-0.51134
4960	0.36482
4961	0.24323
4962	-0.057242
4963	0.2457
4964	0.12178
4965	0.47332
4966	0.009943
4967	-0.63479
4968	0.43943
4969	0.52197
4970	-0.35135
4971	0.87307
4972	0.84109
4973	0.44473
4974	0.46588
4975	1.2763
4976	0.58733
4977	0.72132
4978	0.30259
4979	0.4297
4980	0.48604
4981	0.86212
4982	0.64928
4983	-0.28579
4984	0.91757
4985	0.81822
4986	0.38681
4987	0.71726
4988	0.30994
4989	0.23004
4990	0.52705
4991	0.20666
4992	-0.081201
4993	0.075379
4994	0.49106
4995	0.32736
4996	0.048572
4997	0.54564
4998	1.1375
4999	0.27313
5000	0.87046
5001	0.29612
5002	0.20385
5003	0.43055
5004	0.40037
5005	1.7537
5006	2.0846
5007	1.0854
5008	0.94194
5009	1.7307
5010	0.67509
5011	1.0043
5012	0.44188
5013	0.34188
5014	-0.077407
5015	0.2426
5016	0.31815
5017	0.52148
5018	0.18936
5019	0.4561
5020	0.36593
5021	-0.1312
5022	0.034382
5023	0.12675
5024	-0.014283
5025	0.92899
5026	1.9494
5027	0.79271
5028	0.1112
5029	0.12568
5030	0.74597
5031	1.0199
5032	-0.29765
5033	0.65531
5034	0.42701
5035	0.10029
5036	-0.16186
5037	-0.25734
5038	0.20339
5039	0.52793
5040	-0.2361
5041	0.55479
5042	0.29518
5043	0.44341
5044	0.3738
5045	0.17296
5046	0.23702
5047	0.56258
5048	0.37954
5049	-0.32051
5050	0.067037
5051	0.55543
5052	1.5986
5053	0.25727
5054	-0.008042
5055	0.51559
5056	1.3967
5057	1.5984
5058	2.0197
5059	1.6636
5060	0.93587
5061	-0.12307
5062	0.50669
5063	1.3344
5064	0.42827
5065	0.13335
5066	-0.5769
5067	0.59862
5068	0.29642
5069	1.5312
5070	1.5478
5071	1.4836
5072	0.28273
5073	-0.19903
5074	0.22599
5075	0.27072
5076	1.196
5077	-0.34056
5078	-0.2524
5079	0.40252
5080	0.7984
5081	0.4842
5082	1.2605
5083	0.9918
5084	0.62952
5085	1.0612
5086	0.75677
5087	0.084712
5088	0.71114
5089	1.302
5090	0.70679
5091	0.12274
5092	0.12303
5093	0.6849
5094	1.3142
5095	0.37849
5096	0.45304
5097	0.72953
5098	0.49155
5099	0.010891
5100	0.59824
5101	-0.27444
5102	0.60255
5103	-0.22056
5104	0.16986
5105	-0.073449
5106	0.61212
5107	0.28892
5108	0.41404
5109	1.4922
5110	1.3833
5111	1.5052
5112	0.61661
5113	-0.29725
5114	0.37707
5115	0.38739
5116	0.48075
5117	0.84647
5118	0.029446
5119	0.26271
5120	0.11619
5121	0.41589
5122	0.10748
5123	-0.048045
5124	-0.188
5125	0.077068
5126	0.22395
5127	0.4935
5128	0.55653
5129	1.3935
5130	0.89377
5131	0.20577
5132	3.0943
5133	0.43393
5134	0.59652
5135	1.7042
5136	0.29392
5137	0.41625
5138	1.0701
5139	0.96826
5140	0.44897
5141	-0.18166
5142	0.79865
5143	1.1053
5144	1.1229
5145	1.8507
5146	0.72941
5147	0.7131
5148	0.68933
5149	0.73026
5150	0.24391
5151	0.16109
5152	0.595
5153	1.2381
5154	0.82107
5155	0.22339
5156	1.0044
5157	0.60942
5158	0.31294
5159	0.17231
5160	0.84583
5161	0.38074
5162	0.30207
5163	0.13108
5164	0.80767
5165	0.53517
5166	1.0068
5167	0.82794
5168	1.6909
5169	-0.097175
5170	0.34966
5171	1.029
5172	1.4703
5173	1.167
5174	0.60984
5175	0.61642
5176	0.18258
5177	0.83869
5178	0.53372
5179	0.19608
5180	1.1763
5181	0.86216
5182	1.6902
5183	2.1234
5184	1.3618
5185	1.9005
5186	0.83531
5187	0.1975
5188	0.79569
5189	0.20817
5190	0.063993
5191	0.91334
5192	0.88565
5193	0.99195
5194	-0.017362
5195	0.88939
5196	0.33331
5197	1.0717
5198	0.21907
5199	0.11403
5200	0.88802
5201	0.52903
5202	0.4737
5203	0.78983
5204	0.74609
5205	0.90889
5206	-0.098533
5207	0.14758
5208	0.42497
5209	1.2114
5210	0.75586
5211	0.57114
5212	0.089278
5213	0.15097
5214	-0.006115
5215	1.1805
5216	0.67204
5217	1.0457
5218	0.60536
5219	-0.15921
5220	0.39603
5221	0.095289
5222	0.32938
5223	-0.083503
5224	0.16331
5225	0.7034
5226	0.80108
5227	0.45355
5228	0.33857
5229	0.082636
5230	0.14862
5231	0.37836
5232	-0.20646
5233	1.043
5234	1.3875
5235	-0.23387
5236	0.56245
5237	-0.14364
5238	1.3309
5239	0.69858
5240	0.60164
5241	0.3522
5242	1.6534
5243	1.5972
5244	0.11502
5245	0.13804
5246	0.035637
5247	-0.1739
5248	1.0087
5249	1.0855
5250	0.56342
5251	-0.10618
5252	0.20839
5253	-0.096481
5254	0.029321
5255	-0.15946
5256	0.11889
5257	0.10845
5258	0.41459
5259	0.58289
5260	0.0331
5261	0.98428
5262	0.92161
5263	0.69499
5264	0.3243
5265	0.48118
5266	0.99182
5267	0.94836
5268	0.91078
5269	2.0141
5270	1.4128
5271	1.0833
5272	0.73084
5273	0.79386
5274	0.36887
5275	0.78703
5276	-0.22188
5277	0.63448
5278	0.80266
5279	-0.08222
5280	0.65452
5281	0.63226
5282	0.092343
5283	0.76964
5284	0.62411
5285	-0.49679
5286	1.1943
5287	0.31725
5288	-0.077611
5289	-0.060192
5290	0.26946
5291	0.1844
5292	0.35875
5293	0.33946
5294	0.53473
5295	0.66364
5296	0.45633
5297	0.10319
5298	0.4641
5299	0.18575
5300	0.47411
5301	0.43655
5302	0.70107
5303	-0.6173
5304	0.70339
5305	0.033542
5306	-0.33223
5307	0.17377
5308	0.34428
5309	-0.72892
5310	0.1906
5311	0.09366
5312	-0.081519
5313	0.33064
5314	-0.14692
5315	0.19065
5316	-0.31309
5317	0.7193
5318	2.2211
5319	0.50369
5320	0.55801
5321	1.2465
5322	0.82077
5323	0.043204
5324	0.14979
5325	-0.13883
5326	0.12086
5327	-0.25646
5328	-0.20021
5329	0.21407
5330	1.1246
5331	0.11579
5332	0.46771
5333	-0.004583
5334	-0.074315
5335	0.7958
5336	-0.46524
5337	0.35388
5338	-0.19655
5339	-0.074395
5340	0.43191
5341	-0.98754
5342	0.34259
5343	0.8279
5344	-0.41893
5345	0.39267
5346	0.03124
5347	-0.43985
5348	0.22156
5349	-0.027595
5350	0.22041
5351	0.12859
5352	0.1531
5353	0.69781
5354	0.70899
5355	-0.33918
5356	-0.16694
5357	0.33621
5358	0.51804
5359	0.69351
5360	2.0357
5361	0.76747
5362	-0.19391
5363	1.2981
5364	0.2787
5365	0.11196
5366	0.47782
5367	3.0456
5368	0.21161
5369	1.0597
5370	1.3071
5371	-0.033362
5372	0.58705
5373	0.45211
5374	0.14058
5375	-0.2722
5376	-0.27697
5377	0.36397
5378	-0.19105
5379	-0.078232
5380	-0.14282
5381	0.7242
5382	0.016783
5383	0.1543
5384	-0.54756
5385	-0.19025
5386	0.78013
5387	0.92482
5388	0.19773
5389	0.12972
5390	0.93471
5391	1.0095
5392	0.53092
5393	-0.36527
5394	0.041472
5395	0.38381
5396	0.52015
5397	0.39207
5398	0.81066
5399	0.34758
5400	0.5454
5401	0.085345
5402	-0.011543
5403	1.2474
5404	1.3132
5405	0.68897
5406	0.072205
5407	0.59767
5408	0.19277
5409	0.70445
5410	0.20222
5411	0.49994
5412	0.85376
5413	0.63233
5414	0.14782
5415	0.80346
5416	0.15308
5417	0.69761
5418	0.67412
5419	-0.23375
5420	1.6745
5421	1.3101
5422	2.1031
5423	1.4314
5424	0.72744
5425	1.0746
5426	0.12155
5427	0.68548
5428	-0.24872
5429	0.41286
5430	-0.068156
5431	0.50182
5432	-0.19528
5433	0.58601
5434	0.52496
5435	1.1193
5436	0.09344
5437	0.41878
5438	0.95486
5439	0.53958
5440	0.90192
5441	1.0645
5442	-0.31273
5443	0.26856
5444	-0.35607
5445	0.29954
5446	0.25328
5447	0.64409
5448	0.43287
5449	0.74953
5450	0.6022
5451	0.20762
5452	0.72657
5453	0.19325
5454	0.049154
5455	0.32563
5456	0.001031
5457	0.13806
5458	0.54571
5459	-0.30626
5460	0.052574
5461	0.61046
5462	0.45191
5463	0.74067
5464	-0.14782
5465	0.65031
5466	0.96953
5467	0.91006
5468	1.5956
5469	0.25247
5470	0.74764
5471	-0.08546
5472	-0.27973
5473	0.096133
5474	-0.4775
5475	1.1883
5476	-0.37775
5477	0.88039
5478	0.12624
5479	0.44394
5480	-0.04582
5481	0.12812
5482	-0.19099
5483	0.12603
5484	0.69595
5485	1.2331
5486	0.39752
5487	0.15522
5488	0.71589
5489	0.31087
5490	0.14031
5491	-0.10698
5492	-0.43361
5493	0.26415
5494	0.070266
5495	-0.18691
5496	0.17935
5497	0.40521
5498	-0.16684
5499	-0.062004
5500	0.96629
5501	1.5907
5502	0.24706
5503	1.3535
5504	0.80818
5505	0.95967
5506	0.29127
5507	-0.15336
5508	1.0852
5509	0.011755
5510	0.42757
5511	0.11808
5512	-0.002195
5513	0.045133
5514	0.39006
5515	0.20893
5516	0.26154
5517	0.20628
5518	0.72791
5519	0.13035
5520	-0.12744
5521	0.20899
5522	0.43766
5523	0.93834
5524	1.4995
5525	0.58552
5526	1.0113
5527	2.0739
5528	-0.30018
5529	-1.008
5530	0.073411
5531	-0.27386
5532	0.75371
5533	1.1859
5534	0.3337
5535	0.85796
5536	0.33253
5537	1.3311
5538	0.9309
5539	0.39777
5540	0.14712
5541	0.74577
5542	0.59617
5543	0.28893
5544	0.36839
5545	0.052441
5546	0.18348
5547	0.60276
5548	0.27025
5549	-0.013122
5550	-0.3253
5551	1.1494
5552	-0.10723
5553	0.99976
5554	0.56503
5555	1.0513
5556	0.46353
5557	0.35482
5558	0.096747
5559	0.43261
5560	0.35744
5561	1.5209
5562	0.35692
5563	-0.018418
5564	1.6453
5565	0.090671
5566	0.26998
5567	0.24797
5568	0.29017
5569	-0.11446
5570	0.23763
5571	0.19769
5572	0.23744
5573	0.57267
5574	0.52871
5575	1.0365
5576	1.5514
5577	0.71071
5578	0.54956
5579	-0.45341
5580	0.003225
5581	1.532
5582	1.9746
5583	2.0041
5584	0.51356
5585	0.52433
5586	0.12965
5587	-0.13244
5588	0.34624
5589	0.11117
5590	0.014646
5591	1.6592
5592	0.10944
5593	0.67445
5594	0.44282
5595	0.44539
5596	1.0582
5597	0.39656
5598	0.13891
5599	0.61797
5600	-0.28681
5601	0.31403
5602	0.73427
5603	0.26666
5604	-0.006042
5605	0.616
5606	0.37314
5607	1.394
5608	1.4591
5609	0.77389
5610	0.002954
5611	0.37569
5612	0.74211
5613	0.29509
5614	0.54139
5615	0.60776
5616	0.33479
5617	0.10568
5618	-0.14468
5619	1.0998
5620	1.9383
5621	1.5373
5622	1.5232
5623	0.71226
5624	0.57165
5625	0.54504
5626	-0.029444
5627	0.32256
5628	0.8995
5629	0.81115
5630	-0.078397
5631	0.19194
5632	-0.21876
5633	-0.03573
5634	0.37242
5635	0.061903
5636	-0.3263
5637	0.47282
5638	0.94805
5639	0.14796
5640	1.0941
5641	1.56
5642	1.5255
5643	1.3893
5644	1.1658
5645	0.018029
5646	0.67672
5647	0.23143
5648	0.52231
5649	0.47619
5650	0.33144
5651	-0.28293
5652	0.79475
5653	0.80259
5654	0.83973
5655	1.0711
5656	0.40265
5657	0.71534
5658	0.3352
5659	1.1285
5660	1.2779
5661	-0.08746
5662	0.48593
5663	0.53938
5664	0.90464
5665	0.58619
5666	-0.11902
5667	0.35119
5668	-0.36991
5669	0.29343
5670	1.0278
5671	0.16108
5672	0.3152
5673	0.16895
5674	0.7057
5675	0.11825
5676	0.61575
5677	0.29792
5678	-0.058326
5679	1.2322
5680	0.16489
5681	0.1569
5682	0.51231
5683	0.25655
5684	0.12623
5685	0.45367
5686	0.92822
5687	0.27047
5688	0.33429
5689	0.44779
5690	0.064021
5691	1.0696
5692	0.65707
5693	0.35915
5694	1.8103
5695	0.66416
5696	1.4102
5697	-0.14354
5698	0.2849
5699	0.19436
5700	0.18686
5701	1.5446
5702	1.139
5703	0.8455
5704	0.30599
5705	1.5044
5706	2.2604
5707	-0.03701
5708	1.2494
5709	1.7116
5710	0.93373
5711	-0.028602
5712	0.11475
5713	0.066543
5714	0.44296
5715	0.41239
5716	0.007295
5717	1.3848
5718	1.9157
5719	2.2409
5720	1.1325
5721	0.51526
5722	-0.2087
5723	0.094034
5724	-0.052816
5725	-0.045715
5726	0.27576
5727	0.12244
5728	0.39523
5729	0.42343
5730	0.17978
5731	0.13439
5732	-0.41946
5733	0.1527
5734	1.0794
5735	0.42259
5736	0.69879
5737	0.12289
5738	0.14333
5739	0.78784
5740	0.55496
5741	0.66356
5742	0.52046
5743	0.25543
5744	1.0511
5745	0.79967
5746	0.3367
5747	0.61736
5748	-0.023453
5749	0.1772
5750	0.87611
5751	-0.035771
5752	0.56239
5753	0.82659
5754	0.53778
5755	0.45264
5756	1.4189
5757	0.65129
5758	0.47754
5759	1.2113
5760	0.70144
5761	0.40612
5762	0.076317
5763	0.80271
5764	0.3016
5765	0.009986
5766	0.76341
5767	1.0748
5768	0.41627
5769	0.62517
5770	1.7569
5771	-0.10638
5772	0.58655
5773	0.73604
5774	1.0136
5775	1.0447
5776	1.0729
5777	0.60522
5778	1.8782
5779	1.3788
5780	0.82212
5781	1.5874
5782	1.0199
5783	0.68132
5784	0.19481
5785	0.97609
5786	1.186
5787	0.34296
5788	0.3202
5789	-0.22974
5790	0.48535
5791	0.051704
5792	0.18791
5793	-0.063569
5794	1.9908
5795	0.75688
5796	0.88835
5797	0.81807
5798	0.23292
5799	-0.19551
5800	0.88818
5801	0.37297
5802	0.067596
5803	0.11887
5804	0.46534
5805	0.33136
5806	0.34458
5807	0.21857
5808	0.038609
5809	1.632
5810	-0.64727
5811	0.46657
5812	0.28993
5813	0.40389
5814	0.91042
5815	0.47284
5816	0.27386
5817	0.40839
5818	0.54756
5819	0.151
5820	0.30494
5821	0.12266
5822	0.28727
5823	0.17789
5824	0.39561
5825	-0.37135
5826	0.77005
5827	1.3511
5828	0.1026
5829	0.57474
5830	0.40511
5831	0.24673
5832	0.34357
5833	0.29206
5834	0.23606
5835	0.32485
5836	-0.25519
5837	0.299
5838	0.55598
5839	0.13596
5840	0.3354
5841	0.73667
5842	0.79285
5843	1.0191
5844	0.19497
5845	-0.42119
5846	1.4377
5847	0.1255
5848	0.091497
5849	-0.21871
5850	-0.078839
5851	0.37727
5852	0.50541
5853	0.1619
5854	1.1088
5855	0.4194
5856	0.20057
5857	0.4225
5858	0.37804
5859	0.35902
5860	-0.052972
5861	0.000256
5862	0.18547
5863	0.52284
5864	0.34003
5865	0.69389
5866	1.8054
5867	0.88357
5868	0.89868
5869	0.90287
5870	0.25616
5871	0.068403
5872	0.38897
5873	0.34758
5874	0.90519
5875	0.60932
5876	0.39871
5877	1.0067
5878	0.9394
5879	0.20944
5880	0.19526
5881	0.35053
5882	0.83725
5883	0.45986
5884	2.2539
5885	0.29653
5886	0.6943
5887	0.42399
5888	1.2967
5889	0.89598
5890	0.047324
5891	-0.28689
5892	-0.61624
5893	1.2697
5894	0.75846
5895	-0.011893
5896	0.93652
5897	1.5266
5898	0.031567
5899	-0.21603
5900	0.61875
5901	0.69449
5902	1.0984
5903	0.64524
5904	0.23084
5905	0.28636
5906	0.12371
5907	0.20888
5908	0.24903
5909	0.77163
5910	0.019094
5911	-0.16043
5912	0.25141
5913	0.23325
5914	-0.43788
5915	0.35697
5916	0.36077
5917	0.11236
5918	0.39386
5919	-0.01405
5920	-0.29585
5921	0.50379
5922	0.71938
5923	0.19953
5924	0.71404
5925	0.13921
5926	0.40765
5927	0.45547
5928	0.043381
5929	1.1329
5930	0.51403
5931	0.81612
5932	0.89345
5933	0.29494
5934	0.2309
5935	0.19797
5936	0.46295
5937	0.95783
5938	1.5233
5939	-0.019124
5940	0.57958
5941	0.61853
5942	0.077586
5943	0.98568
5944	0.25982
5945	0.37703
5946	0.16396
5947	-0.084555
5948	1.005
5949	0.28731
5950	0.25816
5951	0.11726
5952	0.57616
5953	0.68206
5954	0.046327
5955	0.31243
5956	0.43014
5957	0.18474
5958	0.6902
5959	-0.022443
5960	0.20959
5961	1.2134
5962	0.82748
5963	0.24346
5964	0.84037
5965	1.4756
5966	0.98828
5967	0.2487
5968	-0.47804
5969	0.28101
5970	0.90079
5971	0.56355
5972	1.2205
5973	1.2284
5974	0.13481
5975	0.419
5976	1.0273
5977	-0.30545
5978	0.78112
5979	0.29697
5980	0.082216
5981	0.25785
5982	0.96586
5983	0.93523
5984	0.11186
5985	0.23282
5986	0.99466
5987	-0.044356
5988	-0.38216
5989	0.25674
5990	0.20052
5991	0.28407
5992	0.75947
5993	0.82691
5994	-0.31167
5995	0.17726
5996	0.10575
5997	0.87962
5998	0.56972
5999	0.32938
6000	0.38798
6001	-0.21163
6002	-0.21291
6003	-0.07318
6004	-0.005357
6005	-0.10325
6006	0.3081
6007	0.10553
6008	-0.17189
6009	0.6471
6010	0.68272
6011	0.95697
6012	0.015802
6013	0.1247
6014	0.72004
6015	0.4183
6016	0.72559
6017	0.85057
6018	-0.28168
6019	-0.17479
6020	1.0761
6021	0.3423
6022	0.017699
6023	0.071882
6024	-0.2259
6025	0.35058
6026	-0.047651
6027	-0.1333
6028	0.14535
6029	-0.024301
6030	0.48557
6031	-0.21395
6032	0.40227
6033	-0.027741
6034	-0.12904
6035	0.82889
6036	0.086177
6037	-0.34274
6038	0.41356
6039	-0.29469
6040	-0.012993
6041	0.006122
6042	1.6929
6043	-0.22445
6044	0.51272
6045	0.14268
6046	0.002632
6047	0.1085
6048	0.13007
6049	-0.10266
6050	0.47352
6051	-0.624
6052	0.36856
6053	0.17456
6054	0.053028
6055	0.03332
6056	-0.24011
6057	0.59213
6058	1.0492
6059	0.13324
6060	-0.13446
6061	0.36819
6062	0.31563
6063	1.044
6064	0.42352
6065	0.17887
6066	0.48913
6067	0.22418
6068	-0.015978
6069	-0.21776
6070	0.45101
6071	0.44017
6072	1.0161
6073	0.36143
6074	0.76732
6075	0.40972
6076	-0.008896
6077	0.65103
6078	0.1021
6079	0.19829
6080	-0.13246
6081	0.45021
6082	1.2085
6083	0.85601
6084	0.30696
6085	1.0663
6086	0.36817
6087	0.86905
6088	0.040546
6089	-0.094008
6090	0.59748
6091	0.61056
6092	0.48232
6093	0.74629
6094	0.27445
6095	0.44429
6096	-0.40338
6097	1.1117
6098	1.063
6099	1.0754
6100	0.70348
6101	1.2276
6102	0.48513
6103	-0.39176
6104	-0.21984
6105	0.657
6106	0.85558
6107	0.31115
6108	0.17861
6109	-0.2848
6110	0.22388
6111	0.17461
6112	0.282
6113	1.1519
6114	1.9592
6115	0.44051
6116	0.29315
6117	0.84522
6118	0.32757
6119	0.88355
6120	0.91292
6121	0.54872
6122	0.40805
6123	0.38375
6124	1.1189
6125	0.46601
6126	0.5928
6127	0.37549
6128	0.82709
6129	0.54307
6130	0.31312
6131	0.38625
6132	0.39071
6133	0.76435
6134	0.47582
6135	1.1093
6136	0.76652
6137	0.11422
6138	0.11272
6139	0.36941
6140	0.4087
6141	0.97717
6142	0.14699
6143	0.57775
6144	0.1999
6145	0.096098
6146	-0.090064
6147	0.53143
6148	0.60039
6149	0.57779
6150	0.3356
6151	0.10896
6152	0.111
6153	0.64323
6154	0.10045
6155	0.079425
6156	0.13164
6157	0.51159
6158	0.31532
6159	0.090901
6160	-0.071244
6161	0.13025
6162	0.1649
6163	0.69301
6164	0.52763
6165	-0.008642
6166	0.48564
6167	1.268
6168	0.36473
6169	0.16419
6170	0.001517
6171	-0.27229
6172	0.34922
6173	0.64633
6174	-0.21991
6175	0.078961
6176	0.43606
6177	0.10251
6178	0.70305
6179	0.31818
6180	0.43847
6181	0.69311
6182	-0.16441
6183	0.18778
6184	0.42154
6185	-0.12409
6186	-0.036427
6187	-0.064014
6188	-0.11742
6189	0.12234
6190	0.35245
6191	0.80439
6192	0.20928
6193	0.6074
6194	0.13392
6195	0.032538
6196	0.31401
6197	1.1181
6198	0.74369
6199	0.53567
6200	0.73211
6201	0.60202
6202	0.56019
6203	1.2579
6204	0.40976
6205	0.12602
6206	-0.11315
6207	-0.12359
6208	0.36191
6209	0.80396
6210	0.4763
6211	0.74717
6212	0.21997
6213	0.77215
6214	0.63725
6215	0.51434
6216	0.20436
6217	0.33101
6218	0.19624
6219	-0.32539
6220	0.43575
6221	0.30863
6222	-0.12822
6223	0.2844
6224	0.4061
6225	-0.067763
6226	0.11685
6227	0.35485
6228	0.008558
6229	0.61522
6230	0.80656
6231	1.0472
6232	0.67146
6233	1.1384
6234	1.9197
6235	-0.18227
6236	-0.099846
6237	1.0032
6238	0.1402
6239	1.173
6240	0.54564
6241	0.49438
6242	0.14061
6243	0.20098
6244	0.42246
6245	-0.001608
6246	0.39147
6247	0.65293
6248	0.88503
6249	0.10005
6250	0.088298
6251	0.30516
6252	1.1623
6253	0.84071
6254	0.49328
6255	0.37927
6256	0.45778
6257	0.50234
6258	0.18752
6259	1.1264
6260	0.79757
6261	0.77072
6262	0.2296
6263	0.55344
6264	0.63499
6265	0.85492
6266	0.20243
6267	0.48493
6268	0.70582
6269	1.3819
6270	0.022012
6271	0.81184
6272	0.91404
6273	1.0179
6274	0.3202
6275	1.0789
6276	0.51621
6277	0.11669
6278	-0.54501
6279	0.5141
6280	0.43002
6281	0.22556
6282	0.17138
6283	0.23328
6284	1.065
6285	0.53277
6286	-0.086483
6287	-0.11061
6288	0.68758
6289	0.49118
6290	0.78751
6291	0.64945
6292	0.55562
6293	1.0459
6294	0.74902
6295	0.14231
6296	-0.068268
6297	0.38732
6298	0.036948
6299	0.13694
6300	0.7808
6301	-0.082778
6302	-0.27747
6303	0.28358
6304	0.69225
6305	-0.13824
6306	0.45237
6307	0.12353
6308	0.33904
6309	0.5259
6310	0.69565
6311	0.41868
6312	0.79067
6313	1.4564
6314	1.1207
6315	1.4025
6316	0.99179
6317	0.65071
6318	0.25778
6319	1.1824
6320	0.34937
6321	0.33709
6322	0.23617
6323	0.52121
6324	0.04654
6325	1.039
6326	1.1749
6327	1.1999
6328	1.1838
6329	1.0888
6330	0.12101
6331	0.41791
6332	0.56234
6333	0.58327
6334	1.6161
6335	0.20838
6336	0.19602
6337	0.59592
6338	-0.34499
6339	0.22101
6340	0.42653
6341	0.28064
6342	0.68073
6343	0.67936
6344	0.49975
6345	0.25797
6346	0.53243
6347	1.064
6348	0.2541
6349	0.43193
6350	0.12444
6351	0.49947
6352	0.85347
6353	0.15366
6354	0.52644
6355	1.1451
6356	1.6911
6357	1.0938
6358	0.91077
6359	0.89144
6360	0.43607
6361	1.3164
6362	0.11774
6363	0.31744
6364	1.7868
6365	1.6068
6366	0.49446
6367	-0.27725
6368	0.32903
6369	0.30019
6370	-0.40367
6371	1.5236
6372	-0.07415
6373	0.19394
6374	0.24683
6375	1.0861
6376	0.33848
6377	0.215
6378	0.31399
6379	0.40509
6380	0.53084
6381	0.35896
6382	0.71081
6383	0.36162
6384	0.76926
6385	1.0696
6386	0.71938
6387	0.31367
6388	-0.056179
6389	0.68365
6390	0.84439
6391	1.2028
6392	1.3925
6393	-0.1774
6394	0.37788
6395	0.16908
6396	0.19663
6397	0.47395
6398	0.22023
6399	0.023222
6400	0.69243
6401	0.51194
6402	0.86313
6403	0.67467
6404	0.51271
6405	-0.41681
6406	0.18625
6407	0.14437
6408	0.79672
6409	0.43419
6410	-0.11734
6411	0.75806
6412	1.7366
6413	1.5517
6414	0.78429
6415	0.89024
6416	0.03463
6417	0.31295
6418	-0.15702
6419	0.89272
6420	0.27812
6421	0.42189
6422	0.63698
6423	0.059227
6424	0.50051
6425	-0.013685
6426	0.19848
6427	0.25432
6428	0.7987
6429	0.53487
6430	0.35065
6431	0.27615
6432	0.67715
6433	0.12876
6434	0.41812
6435	0.82981
6436	-0.078601
6437	0.2724
6438	0.16556
6439	0.21792
6440	0.48805
6441	-0.44372
6442	0.69172
6443	0.12452
6444	0.4279
6445	0.13385
6446	0.062428
6447	-0.1217
6448	0.33367
6449	-0.075036
6450	0.45327
6451	0.60979
6452	0.13412
6453	0.50221
6454	1.1482
6455	0.54128
6456	-0.1289
6457	0.15682
6458	0.36945
6459	0.65204
6460	1.9114
6461	1.8412
6462	1.6918
6463	1.4575
6464	0.000524
6465	0.81556
6466	1.46
6467	0.48534
6468	0.19219
6469	0.24773
6470	-0.5112
6471	0.43254
6472	0.24901
6473	0.53283
6474	1.3795
6475	-0.012084
6476	0.92193
6477	0.41359
6478	-0.31879
6479	-0.096617
6480	0.80559
6481	0.055519
6482	0.58431
6483	0.76403
6484	0.30853
6485	0.010717
6486	0.89638
6487	0.12492
6488	0.84075
6489	1.0948
6490	0.38915
6491	0.38979
6492	-0.29522
6493	1.045
6494	0.5461
6495	0.62521
6496	0.092753
6497	-0.22148
6498	0.78769
6499	1.0625
6500	1.1033
6501	0.91903
6502	0.65889
6503	0.4624
6504	0.38183
6505	0.050497
6506	0.47962
6507	0.16852
6508	0.59395
6509	0.88657
6510	0.25238
6511	0.23841
6512	0.11444
6513	0.093649
6514	0.75056
6515	0.69021
6516	-0.23872
6517	0.47774
6518	0.29482
6519	0.23693
6520	0.44769
6521	0.66353
6522	0.8275
6523	1.0624
6524	0.26024
6525	0.51683
6526	0.87128
6527	1.0953
6528	1.4485
6529	1.0685
6530	-0.3476
6531	-0.15212
6532	0.10831
6533	-0.19967
6534	0.65372
6535	0.44242
6536	0.19857
6537	0.03889
6538	0.28993
6539	1.0988
6540	0.040805
6541	-0.45777
6542	0.65423
6543	1.3451
6544	0.12598
6545	0.21289
6546	0.61296
6547	1.2823
6548	0.50607
6549	-0.48303
6550	-0.29626
6551	-0.34741
6552	0.64619
6553	0.1423
6554	0.12484
6555	0.80109
6556	0.77173
6557	0.68566
6558	0.032802
6559	-0.26757
6560	-0.09086
6561	0.04333
6562	0.31547
6563	0.06188
6564	-0.074227
6565	-0.01116
6566	0.22296
6567	-0.24543
6568	0.665
6569	0.48993
6570	1.0701
6571	0.23469
6572	0.21333
6573	4.3358
6574	0.6026
6575	-0.06185
6576	0.85841
6577	1.7927
6578	0.04961
6579	0.72094
6580	0.48785
6581	-0.075895
6582	-0.045426
6583	-0.03638
6584	-0.000378
6585	-0.27322
6586	0.14811
6587	0.11268
6588	0.33745
6589	0.71278
6590	0.28729
6591	0.31617
6592	0.67901
6593	0.95684
6594	0.9367
6595	-0.11988
6596	-0.19517
6597	0.090112
6598	0.14225
6599	0.16421
6600	-0.17419
6601	-0.51188
6602	-0.037487
6603	-0.065264
6604	0.33058
6605	1.2916
6606	0.22166
6607	1.1496
6608	1.2624
6609	0.20253
6610	0.13758
6611	-0.49153
6612	-0.24935
6613	0.037219
6614	0.54497
6615	0.85382
6616	0.32142
6617	0.0825
6618	0.75956
6619	1.3236
6620	0.84689
6621	1.064
6622	0.1511
6623	0.32919
6624	-0.12537
6625	0.87435
6626	0.88526
6627	0.42785
6628	-0.13577
6629	1.2248
6630	0.66709
6631	1.1423
6632	1.2376
6633	0.19375
6634	0.11437
6635	-0.044075
6636	1.3494
6637	0.46519
6638	0.77228
6639	0.87586
6640	-0.006225
6641	-0.30176
6642	0.96708
6643	0.20399
6644	0.33477
6645	0.7017
6646	0.81135
6647	0.73912
6648	0.77026
6649	0.23864
6650	0.83478
6651	0.73204
6652	0.79487
6653	0.68638
6654	0.54422
6655	0.53051
6656	1.0947
6657	0.4387
6658	0.28471
6659	0.93189
6660	0.44609
6661	0.14458
6662	0.78861
6663	1.0835
6664	-0.14865
6665	0.59794
6666	0.64375
6667	0.6815
6668	0.98309
6669	0.43643
6670	1.1241
6671	1.5853
6672	1.5748
6673	1.4167
6674	0.93192
6675	0.30424
6676	0.040572
6677	0.19037
6678	0.95442
6679	0.27676
6680	0.006099
6681	0.13418
6682	0.073879
6683	0.27942
6684	0.89882
6685	0.32795
6686	-0.29288
6687	0.113
6688	0.11273
6689	-0.041708
6690	0.40837
6691	0.032119
6692	0.2802
6693	0.25714
6694	-0.000524
6695	-0.009318
6696	0.18012
6697	1.0312
6698	-0.24369
6699	-0.34119
6700	1.1503
6701	1.1664
6702	1.1555
6703	1.2138
6704	2.6241
6705	1.6817
6706	0.99598
6707	-0.22623
6708	0.4964
6709	-0.23849
6710	0.98487
6711	0.64314
6712	1.2354
6713	1.5676
6714	0.93112
6715	0.1441
6716	0.74615
6717	0.87509
6718	0.48051
6719	-0.12322
6720	0.8422
6721	0.65762
6722	1.1177
6723	0.50222
6724	-0.16024
6725	-0.33033
6726	0.072553
6727	0.11803
6728	0.58288
6729	0.71373
6730	0.85875
6731	0.84862
6732	-0.28872
6733	0.37751
6734	0.48483
6735	0.44845
6736	-0.18979
6737	0.17041
6738	0.44083
6739	0.82188
6740	0.96101
6741	-0.029366
6742	-0.015678
6743	-0.181
6744	0.52764
6745	1.0506
6746	1.3812
6747	1.4322
6748	0.58877
6749	1.4764
6750	1.0218
6751	-0.34677
6752	-0.074917
6753	0.38366
6754	0.44857
6755	-0.18353
6756	1.3422
6757	0.82097
6758	0.29331
6759	0.92476
6760	0.9104
6761	0.46189
6762	0.20807
6763	0.027125
6764	-0.04817
6765	-0.48467
6766	0.28703
6767	0.58971
6768	0.59488
6769	0.33619
6770	0.42229
6771	0.74685
6772	0.72549
6773	0.69109
6774	0.69288
6775	0.43336
6776	0.60465
6777	0.44195
6778	0.26261
6779	-0.040363
6780	0.61864
6781	1.9425
6782	0.39762
6783	1.2418
6784	-0.37323
6785	0.26895
6786	-0.073869
6787	0.44558
6788	0.35804
6789	-0.15267
6790	0.27972
6791	1.0385
6792	0.12494
6793	0.37025
6794	-0.32293
6795	0.74938
6796	0.15163
6797	-0.11645
6798	-0.05187
6799	0.63254
6800	0.52706
6801	0.33857
6802	0.56602
6803	0.23765
6804	1.0399
6805	0.10396
6806	0.11754
6807	0.57455
6808	0.60788
6809	0.62712
6810	0.40844
6811	0.74516
6812	0.53578
6813	0.003048
6814	-0.10135
6815	0.17083
6816	-0.51465
6817	0.19038
6818	0.86626
6819	2.3181
6820	0.51988
6821	0.36286
6822	0.31023
6823	0.27052
6824	0.45722
6825	0.98912
6826	-0.13627
6827	0.50746
6828	0.13701
6829	0.67117
6830	0.2616
6831	0.33839
6832	0.7504
6833	0.62257
6834	0.78163
6835	1.2869
6836	0.53843
6837	0.3029
6838	-0.51675
6839	1.4788
6840	0.47639
6841	0.8171
6842	0.49171
6843	0.19703
6844	0.45291
6845	0.60847
6846	0.72541
6847	0.48173
6848	0.48845
6849	0.030683
6850	0.36592
6851	0.10927
6852	1.7062
6853	0.49124
6854	-0.045202
6855	0.62864
6856	0.20952
6857	-0.14941
6858	0.055073
6859	-0.22147
6860	0.59851
6861	0.36748
6862	0.82961
6863	0.28246
6864	-0.32246
6865	0.068426
6866	0.15965
6867	0.40464
6868	0.015093
6869	0.10435
6870	0.083257
6871	0.51612
6872	0.16095
6873	0.66329
6874	0.14021
6875	0.24827
6876	0.23943
6877	0.77666
6878	0.93328
6879	0.63826
6880	-0.049769
6881	1.1668
6882	0.87757
6883	0.81835
6884	1.2265
6885	0.93523
6886	0.14248
6887	0.378
6888	0.005169
6889	-0.43755
6890	0.48364
6891	-0.012748
6892	1.0943
6893	0.30172
6894	0.49679
6895	-0.054714
6896	0.21879
6897	0.26824
6898	0.2108
6899	0.057325
6900	-0.032443
6901	0.48143
6902	0.2036
6903	0.65215
6904	0.50515
6905	1.4564
6906	1.2834
6907	0.024301
6908	0.12236
6909	0.34503
6910	0.30608
6911	0.13073
6912	0.31051
6913	0.15811
6914	-0.12203
6915	0.64363
6916	0.75715
6917	0.42418
6918	0.72194
6919	0.19099
6920	0.59605
6921	2.0199
6922	0.12215
6923	0.050222
6924	0.31373
6925	1.0896
6926	1.0639
6927	1.2766
6928	0.091029
6929	1.1574
6930	0.6251
6931	-0.15928
6932	0.98587
6933	1.3352
6934	0.88308
6935	1.2441
6936	0.17453
6937	0.40857
6938	0.20362
6939	0.29538
6940	0.17505
6941	-0.029108
6942	-0.045231
6943	0.7539
6944	0.73833
6945	0.52135
6946	-0.16223
6947	0.51643
6948	0.23976
6949	-0.19689
6950	0.78907
6951	0.56312
6952	-0.071905
6953	0.27753
6954	0.63303
6955	0.48216
6956	0.30977
6957	0.37717
6958	0.17321
6959	0.27206
6960	0.15098
6961	0.86701
6962	0.71927
6963	0.23805
6964	0.13496
6965	0.15584
6966	0.93293
6967	0.65195
6968	0.72348
6969	0.795
6970	0.43924
6971	0.75718
6972	0.44469
6973	0.48093
6974	0.53468
6975	0.79024
6976	1.0017
6977	0.47773
6978	0.2875
6979	0.76508
6980	0.56061
6981	0.5747
6982	0.039447
6983	1.0274
6984	1.2069
6985	0.39742
6986	-0.10862
6987	0.329
6988	0.9938
6989	0.62796
6990	0.20855
6991	0.9568
6992	0.23871
6993	1.2843
6994	0.82278
6995	0.93135
6996	0.60193
6997	0.57023
6998	0.87838
6999	-0.069675
7000	0.44297
7001	-0.040075
7002	-0.050022
7003	0.58301
7004	1.4368
7005	0.77762
7006	0.37241
7007	-0.10402
7008	0.12507
7009	0.28351
7010	-0.48921
7011	0.19656
7012	0.68454
7013	0.29449
7014	-0.35995
7015	0.28242
7016	0.006918
7017	0.33776
7018	0.67692
7019	0.12141
7020	0.38736
7021	1.048
7022	0.72304
7023	0.52159
7024	0.41375
7025	0.50158
7026	0.33849
7027	-0.40707
7028	0.87485
7029	0.91896
7030	0.79726
7031	0.94221
7032	0.68861
7033	0.11748
7034	1.4638
7035	0.74849
7036	0.84304
7037	0.24633
7038	0.46828
7039	0.82796
7040	0.44452
7041	0.42738
7042	0.5845
7043	0.1548
7044	0.01468
7045	0.50853
7046	0.81088
7047	0.25001
7048	0.34274
7049	-0.3741
7050	0.62654
7051	0.38207
7052	1.0914
7053	0.81856
7054	0.38515
7055	0.30405
7056	0.60927
7057	-0.40776
7058	0.37595
7059	0.86758
7060	1.0386
7061	0.83339
7062	0.56601
7063	0.79648
7064	0.38115
7065	-0.31666
7066	1.0451
7067	0.47994
7068	0.31244
7069	0.73969
7070	1.0866
7071	-0.29229
7072	0.82711
7073	0.59652
7074	0.017855
7075	0.69788
7076	0.059757
7077	0.53529
7078	-0.050366
7079	0.75644
7080	0.17552
7081	0.076484
7082	0.46175
7083	1.4897
7084	1.2569
7085	0.66838
7086	1.5969
7087	1.4306
7088	1.174
7089	0.37097
7090	-0.081918
7091	1.368
7092	0.28648
7093	-0.17979
7094	0.79349
7095	1.1897
7096	1.7059
7097	0.88206
7098	-0.18356
7099	0.77011
7100	0.53125
7101	0.92609
7102	0.34373
7103	0.22256
7104	0.20746
7105	-0.061103
7106	-0.002654
7107	0.54017
7108	0.98082
7109	0.37817
7110	0.28959
7111	0.65165
7112	0.43662
7113	0.93303
7114	0.50219
7115	-0.017793
7116	-0.099724
7117	0.90784
7118	1.1615
7119	0.62655
7120	-0.033856
7121	0.36288
7122	0.70094
7123	-0.13856
7124	0.18006
7125	0.36494
7126	0.36521
7127	0.29568
7128	0.14105
7129	0.3074
7130	0.18497
7131	0.7685
7132	0.59351
7133	0.41652
7134	-0.049954
7135	0.43771
7136	-0.19705
7137	-0.24167
7138	0.40355
7139	0.37238
7140	0.68768
7141	0.483
7142	-0.072257
7143	0.48531
7144	0.25038
7145	0.12235
7146	0.008879
7147	0.34222
7148	0.16431
7149	-0.16097
7150	0.58618
7151	0.045821
7152	-0.19341
7153	0.57819
7154	0.54515
7155	-0.3252
7156	0.39727
7157	0.28596
7158	0.33393
7159	1.011
7160	1.7817
7161	2.1369
7162	0.79885
7163	0.50603
7164	-0.033971
7165	0.23191
7166	0.051781
7167	-0.27112
7168	-0.111
7169	0.64755
7170	1.1524
7171	1.0167
7172	0.30583
7173	-0.040497
7174	0.22782
7175	0.25677
7176	-0.22337
7177	0.19367
7178	0.6944
7179	0.41662
7180	0.51535
7181	1.0068
7182	1.3741
7183	1.7438
7184	0.63471
7185	0.19335
7186	-0.062596
7187	1.0766
7188	0.57849
7189	0.57642
7190	1.0827
7191	0.90176
7192	0.58926
7193	0.51894
7194	0.53633
7195	0.23748
7196	0.083999
7197	0.46873
7198	0.70649
7199	0.26724
7200	0.99504
7201	0.33202
7202	0.52811
7203	1.0072
7204	0.61861
7205	0.62539
7206	0.052514
7207	0.040845
7208	0.2838
7209	0.54591
7210	-0.20948
7211	0.28336
7212	0.50775
7213	0.19974
7214	0.12549
7215	0.50373
7216	0.34016
7217	0.32796
7218	2.1641
7219	1.7858
7220	-0.15384
7221	0.61138
7222	0.41212
7223	0.014975
7224	0.40146
7225	0.76239
7226	1.0059
7227	0.6691
7228	0.40862
7229	-0.089401
7230	-0.11833
7231	0.57231
7232	1.1901
7233	0.71033
7234	0.35358
7235	-0.021162
7236	0.63212
7237	0.44647
7238	-0.42761
7239	0.15776
7240	0.26921
7241	0.43134
7242	0.052992
7243	0.63788
7244	-999
7245	1.1044
7246	1.389
7247	2.229
7248	1.993
7249	1.1141
7250	0.37612
7251	0.2443
7252	0.23138
7253	0.17968
7254	0.1331
7255	0.28987
7256	-0.064257
7257	0.3236
7258	0.030924
7259	0.09423
7260	0.33258
7261	1.0533
7262	0.56981
7263	1.1875
7264	0.23823
7265	-0.056667
7266	0.72461
7267	0.57635
7268	0.48961
7269	0.33171
7270	0.55242
7271	0.72567
7272	0.37572
7273	0.28683
7274	0.60116
7275	0.76675
7276	1.5702
7277	0.64955
7278	0.21603
7279	0.45648
7280	0.2007
7281	0.39028
7282	0.54055
7283	0.057967
7284	1.1796
7285	0.61868
7286	0.44944
7287	-0.2584
7288	0.36348
7289	0.44121
7290	0.76641
7291	0.42252
7292	0.19772
7293	0.19555
7294	0.21017
7295	0.099759
7296	0.81421
7297	0.43372
7298	0.11178
7299	0.77861
7300	0.1687
7301	0.87517
7302	0.067252
7303	0.16496
7304	0.76323
7305	0.56294
7306	0.52069
7307	-0.054011
7308	0.27147
7309	0.73883
7310	0.17831
7311	0.44895
7312	0.23631
7313	0.26643
7314	0.093987
7315	0.17051
7316	0.29362
7317	0.062556
7318	0.85675
7319	0.13719
7320	0.4492
7321	0.67632
7322	0.92077
7323	0.0119
7324	0.76312
7325	-0.024295
7326	1.2442
7327	1.644
7328	1.6958
7329	1.4979
7330	0.75807
7331	-0.023508
7332	0.34227
7333	0.45418
7334	0.59404
7335	0.13103
7336	0.25239
7337	0.30037
7338	0.242
7339	0.39065
7340	0.63851
7341	0.49279
7342	0.16536
7343	0.78845
7344	0.57461
7345	1.1325
7346	-0.10227
7347	0.57627
7348	0.7931
7349	0.81065
7350	0.37455
7351	0.99587
7352	0.94848
7353	0.37328
7354	0.26269
7355	-0.059891
7356	0.89691
7357	0.99835
7358	1.1622
7359	0.74863
7360	1.3936
7361	1.0558
7362	0.20666
7363	-0.51345
7364	0.923
7365	0.34079
7366	0.016542
7367	0.47821
7368	0.077383
7369	0.99378
7370	0.33341
7371	0.83344
7372	0.72398
7373	0.42352
7374	0.22817
7375	0.36589
7376	1.1553
7377	-0.60728
7378	0.20677
7379	0.26796
7380	0.1831
7381	0.84314
7382	0.86758
7383	-0.19826
7384	0.66329
7385	0.51395
7386	-0.048629
7387	0.84642
7388	0.48378
7389	1.0078
7390	1.683
7391	1.9768
7392	1.6732
7393	0.20626
7394	0.91847
7395	1.6986
7396	1.9296
7397	1.2324
7398	0.38809
7399	0.36114
7400	-0.007649
7401	-0.35052
7402	-0.25623
7403	0.24775
7404	0.23109
7405	0.76648
7406	0.6217
7407	1.0272
7408	0.033329
7409	0.53418
7410	0.90915
7411	-0.065722
7412	0.68387
7413	0.73878
7414	0.84002
7415	0.25021
7416	-0.049216
7417	0.15639
7418	0.52358
7419	0.68384
7420	1.4745
7421	1.114
7422	0.25904
7423	0.97245
7424	0.61155
7425	0.54429
7426	0.19308
7427	0.18572
7428	0.37436
7429	0.71728
7430	-0.005674
7431	0.87032
7432	0.83604
7433	0.74439
7434	0.20859
7435	0.32281
7436	0.11009
7437	0.55501
7438	0.16766
7439	1.0065
7440	0.54176
7441	0.70854
7442	0.34379
7443	0.87101
7444	-0.038741
7445	0.40533
7446	0.01446
7447	-0.063266
7448	-0.021824
7449	-0.16116
7450	0.60339
7451	-0.28211
7452	0.49267
7453	0.49576
7454	0.57013
7455	-0.13196
7456	0.83812
7457	0.1492
7458	0.71947
7459	0.26887
7460	0.5376
7461	0.34244
7462	-0.28713
7463	0.15586
7464	-0.12488
7465	-0.2055
7466	0.19106
7467	-0.050544
7468	0.20225
7469	-0.005356
7470	1.0805
7471	0.25192
7472	1.5675
7473	0.71871
7474	-0.21948
7475	0.55555
7476	0.90582
7477	0.76582
7478	0.23272
7479	0.66126
7480	0.98381
7481	-0.41027
7482	0.2729
7483	0.39404
7484	0.47593
7485	0.10269
7486	0.9081
7487	0.18298
7488	0.078494
7489	0.84025
7490	0.12105
7491	0.2891
7492	0.18394
7493	0.71147
7494	0.79958
7495	0.35165
7496	0.8169
7497	0.45198
7498	-0.33346
7499	-0.20463
7500	0.63336
7501	-0.27788
7502	0.75931
7503	0.25632
7504	0.1452
7505	-0.50771
7506	0.87113
7507	0.83469
7508	0.78373
7509	1.4597
7510	0.90428
7511	1.1458
7512	-0.052497
7513	1.8895
7514	0.54343
7515	0.71131
7516	0.82675
7517	-0.032727
7518	0.85475
7519	1.3179
7520	0.73309
7521	1.0469
7522	1.3992
7523	-0.016285
7524	0.10927
7525	0.86956
7526	0.26481
7527	0.012736
7528	1.1046
7529	1.0326
7530	1.0216
7531	0.7763
7532	0.31655
7533	0.81441
7534	-0.09531
7535	0.16489
7536	1.3032
7537	0.26589
7538	0.45611
7539	0.35829
7540	0.25158
7541	0.24791
7542	0.45414
7543	0.12224
7544	-0.46221
7545	-0.11596
7546	0.89755
7547	-0.55132
7548	0.32203
7549	0.65848
7550	0.015227
7551	-0.077215
7552	0.53386
7553	1.1037
7554	0.63837
7555	0.075825
7556	0.31509
7557	0.11322
7558	-0.030252
7559	-0.3991
7560	0.31279
7561	-0.22674
7562	1.0017
7563	0.45142
7564	0.44566
7565	-0.33604
7566	0.61787
7567	-0.35433
7568	0.83166
7569	0.7608
7570	1.8494
7571	0.53868
7572	0.35529
7573	0.59524
7574	0.97829
7575	0.26068
7576	0.43491
7577	0.52437
7578	-0.21457
7579	0.59923
7580	-0.05957
7581	-0.3419
7582	0.1202
7583	0.59029
7584	-0.111
7585	0.51669
7586	0.27188
7587	-0.091914
7588	0.20658
7589	0.17639
7590	-0.089646
7591	0.33047
7592	-0.010104
7593	0.085919
7594	0.13355
7595	-0.16536
7596	0.062986
7597	-0.10258
7598	-0.14083
7599	0.66089
7600	-0.07309
7601	-0.30465
7602	0.078389
7603	-0.31663
7604	0.73851
7605	1.2002
7606	0.34137
7607	0.10164
7608	0.077702
7609	-0.37413
7610	2.1257
7611	3.8211
7612	1.2015
7613	1.4233
7614	0.07099
7615	0.72849
7616	0.89693
7617	0.31225
7618	0.60748
7619	0.6408
7620	0.18705
7621	0.56495
7622	0.24595
7623	0.28159
7624	0.62946
7625	-0.018246
7626	0.17719
7627	0.42538
7628	0.25044
7629	0.30052
7630	1.4208
7631	0.33676
7632	0.55612
7633	0.0579
7634	-0.36964
7635	0.58709
7636	1.1006
7637	0.85531
7638	1.4929
7639	0.62588
7640	-0.17842
7641	0.29799
7642	0.08495
7643	0.13929
7644	0.20965
7645	0.22212
7646	0.42547
7647	0.36897
7648	0.20906
7649	0.72825
7650	1.1039
7651	0.77751
7652	0.8095
7653	0.019152
7654	1.3926
7655	0.89171
7656	0.7268
7657	1.5046
7658	1.6036
7659	1.2777
7660	1.2814
7661	0.77349
7662	0.22844
7663	0.10736
7664	-0.025456
7665	0.74216
7666	0.87477
7667	0.24355
7668	0.71892
7669	0.45116
7670	0.27768
7671	0.552
7672	1.0141
7673	-0.054174
7674	0.47854
7675	0.096206
7676	-0.10979
7677	0.83265
7678	0.38142
7679	-0.074249
7680	0.21714
7681	0.033107
7682	-0.17799
7683	0.10977
7684	0.55375
7685	0.07503
7686	0.37593
7687	0.2503
7688	0.64131
7689	0.72301
7690	0.77353
7691	0.019096
7692	0.398
7693	0.3276
7694	0.32775
7695	0.28848
7696	-0.093612
7697	1.0318
7698	0.56882
7699	0.16916
7700	0.63797
7701	0.5459
7702	-0.09091
7703	0.13118
7704	1.2661
7705	1.0349
7706	0.44371
7707	0.72138
7708	0.48002
7709	0.8624
7710	0.45773
7711	0.45926
7712	-0.080698
7713	0.019013
7714	1.1754
7715	2.0165
7716	0.69738
7717	0.98187
7718	1.514
7719	0.15253
7720	0.8512
7721	0.77447
7722	-0.11766
7723	0.5511
7724	1.6386
7725	1.255
7726	0.34511
7727	-0.096962
7728	0.81574
7729	0.027139
7730	1.441
7731	0.033717
7732	0.8692
7733	-0.28249
7734	0.61795
7735	-0.034677
7736	1.2674
7737	0.70487
7738	-0.13652
7739	1.4224
7740	-0.065091
7741	1.4345
7742	1.3734
7743	0.97433
7744	0.91762
7745	0.29729
7746	0.15537
7747	0.25236
7748	0.41063
7749	0.97561
7750	1.6902
7751	0.21474
7752	1.7312
7753	1.6747
7754	1.4171
7755	0.054661
7756	0.16945
7757	0.38019
7758	-0.51773
7759	0.065461
7760	1.5217
7761	1.7346
7762	1.3585
7763	0.62785
7764	0.080715
7765	0.49568
7766	-0.50767
7767	0.90377
7768	0.79454
7769	0.27273
7770	0.2308
7771	0.82437
7772	-0.26679
7773	0.34445
7774	1.1642
7775	1.4256
7776	0.4227
7777	0.99703
7778	0.729
7779	0.1714
7780	0.36733
7781	0.82576
7782	1.2943
7783	0.4232
7784	0.15115
7785	0.47916
7786	0.6267
7787	1.229
7788	0.74302
7789	0.83058
7790	1.859
7791	1.3619
7792	1.017
7793	-0.05433
7794	0.89228
7795	-0.078966
7796	0.54702
7797	1.0064
7798	0.62927
7799	0.13509
7800	0.7676
7801	0.6455
7802	-0.011458
7803	0.26791
7804	0.67681
7805	0.10129
7806	-0.52621
7807	1.5566
7808	0.000617
7809	1.1542
7810	0.25925
7811	0.97305
7812	0.6177
7813	0.4105
7814	0.41292
7815	0.93433
7816	1.4849
7817	2.2415
7818	0.048019
7819	0.028815
7820	0.37181
7821	-0.17458
7822	-0.19149
7823	0.22004
7824	0.76654
7825	0.27732
7826	0.27822
7827	0.26934
7828	0.14859
7829	1.5303
7830	1.8992
7831	1.8871
7832	1.842
7833	0.705
7834	0.41464
7835	0.29671
7836	0.74544
7837	0.73723
7838	0.5147
7839	0.44761
7840	0.37574
7841	-0.15099
7842	1.8481
7843	1.2694
7844	0.009577
7845	0.30485
7846	0.68843
7847	-0.039697
7848	-0.19402
7849	0.42468
7850	1.2635
7851	-0.10845
7852	0.10728
7853	0.6345
7854	0.92558
7855	0.37784
7856	1.5826
7857	0.93683
7858	0.69622
7859	0.61901
7860	0.67453
7861	1.3696
7862	1.3004
7863	-0.11869
7864	0.22241
7865	0.81207
7866	0.67721
7867	0.18707
7868	-0.24297
7869	0.38398
7870	-0.48344
7871	0.12982
7872	0.60376
7873	0.13469
7874	-0.091954
7875	1.0092
7876	0.31742
7877	0.38273
7878	0.20139
7879	1.7766
7880	1.7453
7881	1.2121
7882	1.3341
7883	0.87247
7884	-0.022985
7885	0.9399
7886	2.0434
7887	1.0767
7888	0.60186
7889	0.5676
7890	-0.14315
7891	1.197
7892	0.40746
7893	0.72641
7894	1.537
7895	1.4908
7896	1.4416
7897	2.8041
7898	0.50569
7899	0.74494
7900	1.6496
7901	0.53496
7902	1.2117
7903	1.878
7904	0.19911
7905	0.25932
7906	0.52889
7907	-0.023
7908	0.47632
7909	1.0762
7910	1.0719
7911	0.58441
7912	1.2381
7913	1.393
7914	0.30067
7915	0.054776
7916	1.0706
7917	2.2332
7918	2.0867
7919	1.8313
7920	0.4622
7921	0.56582
7922	0.81821
7923	-0.035331
7924	0.66278
7925	1.312
7926	0.88578
7927	-0.19966
7928	1.3609
7929	0.22184
7930	0.3031
7931	0.69992
7932	0.29247
7933	1.0277
7934	0.57312
7935	0.20353
7936	0.90578
7937	0.2346
7938	0.19424
7939	0.1357
7940	1.3546
7941	1.4553
7942	1.0805
7943	0.35422
7944	0.51295
7945	0.88601
7946	0.67748
7947	0.60507
7948	0.75115
7949	0.62234
7950	0.51361
7951	0.81858
7952	1.5382
7953	-0.023238
7954	-0.26009
7955	-0.15837
7956	0.14362
7957	0.77492
7958	0.33229
7959	0.60039
7960	1.3027
7961	0.4127
7962	0.15265
7963	1.7564
7964	0.57933
7965	0.25526
7966	0.39937
7967	0.3232
7968	-0.048784
7969	0.47366
7970	0.13963
7971	1.506
7972	1.8841
7973	1.994
7974	-0.2781
7975	-0.076015
7976	1.342
7977	-0.14686
7978	0.86215
7979	0.74432
7980	-0.55755
7981	0.14537
7982	0.36625
7983	1.1164
7984	1.1932
7985	1.3708
7986	0.6872
7987	0.31511
7988	0.86876
7989	0.70491
7990	0.068481
7991	-0.010403
7992	0.21736
7993	0.29898
7994	0.84014
7995	1.3429
7996	0.18706
7997	0.55142
7998	1.0531
7999	0.59333
8000	1.2416
8001	1.5859
8002	0.7008
8003	1.1182
8004	0.078501
8005	0.51994
8006	0.52761
8007	0.2259
8008	0.058551
8009	0.52735
8010	0.67264
8011	1.01
8012	0.86937
8013	0.4134
8014	0.27729
8015	-0.5744
8016	-0.094475
8017	0.17726
8018	0.40267
8019	0.41348
8020	0.5898
8021	0.6399
8022	0.32187
8023	1.3148
8024	0.40809
8025	1.3616
8026	1.5236
8027	-0.060101
8028	0.34301
8029	0.37469
8030	0.40659
8031	0.13108
8032	0.36401
8033	1.6504
8034	2.0894
8035	1.5185
8036	0.37587
8037	0.23085
8038	0.26918
8039	0.12538
8040	0.11168
8041	1.2081
8042	1.0873
8043	0.63758
8044	0.40735
8045	0.7012
8046	0.20553
8047	0.61211
8048	0.22701
8049	0.6716
8050	0.7368
8051	0.3489
8052	1.6287
8053	1.4051
8054	0.041179
8055	0.95888
8056	1.5193
8057	0.73943
8058	1.1889
8059	1.3924
8060	0.13298
8061	0.72744
8062	0.46654
8063	0.18827
8064	0.25865
8065	0.80379
8066	0.3684
8067	0.38087
8068	0.71198
8069	0.37723
8070	0.23611
8071	0.64895
8072	0.33166
8073	0.38727
8074	0.28555
8075	-0.10786
8076	0.29961
8077	0.30897
8078	0.19059
8079	0.4521
8080	0.51424
8081	0.4144
8082	-0.018112
8083	0.77969
8084	-0.0273
8085	0.41654
8086	0.41141
8087	-0.41469
8088	0.94399
8089	0.80285
8090	1.0444
8091	0.86528
8092	0.55079
8093	0.37006
8094	0.80323
8095	1.0937
8096	-0.50379
8097	0.90933
8098	0.23569
8099	0.36238
8100	0.035705
8101	0.08477
8102	0.31433
8103	0.15241
8104	0.084459
8105	0.26996
8106	0.20838
8107	-0.081025
8108	0.044326
8109	-0.080431
8110	-0.032166
8111	-0.088727
8112	-0.076152
8113	0.66724
8114	0.11006
8115	1.2602
8116	1.5437
8117	0.31462
8118	0.77319
8119	0.63572
8120	0.91146
8121	0.2973
8122	1.041
8123	1.6199
8124	0.22627
8125	0.96178
8126	0.42418
8127	0.42984
8128	0.81953
8129	0.65455
8130	0.23535
8131	-0.15166
8132	-0.038737
8133	0.78497
8134	0.32812
8135	0.60238
8136	0.1005
8137	1.3593
8138	0.82591
8139	0.14952
8140	0.34637
8141	0.14573
8142	1.0076
8143	0.81792
8144	-0.11726
8145	0.15788
8146	0.64966
8147	1.1121
8148	1.0304
8149	1.0371
8150	0.82394
8151	0.15806
8152	0.049658
8153	0.69717
8154	0.13021
8155	0.17924
8156	0.23343
8157	0.22395
8158	0.050155
8159	-0.22526
8160	0.29313
8161	0.14552
8162	0.50342
8163	1.4958
8164	0.45999
8165	0.69097
8166	1.6823
8167	0.056201
8168	0.14226
8169	0.41402
8170	1.3938
8171	0.1452
8172	0.074352
8173	-0.29394
8174	-0.14861
8175	0.17641
8176	0.87893
8177	0.073281
8178	0.48954
8179	0.73618
8180	0.57499
8181	0.63504
8182	-0.67003
8183	0.61501
8184	0.32435
8185	-0.26655
8186	0.18231
8187	0.35809
8188	0.015584
8189	0.083945
8190	0.93702
8191	0.73672
8192	0.60643
8193	0.55965
8194	-0.17018
8195	0.49124
8196	-0.40048
8197	0.047468
8198	-0.11455
8199	0.16074
8200	0.38238
8201	0.80027
8202	0.49444
8203	0.77002
8204	2.007
8205	1.3364
8206	0.94758
8207	1.2698
8208	0.17027
8209	1.0649
8210	0.24716
8211	0.92542
8212	0.050823
8213	0.049149
8214	-0.20143
8215	0.41605
8216	0.47427
8217	0.13545
8218	0.46962
8219	1.2109
8220	0.61003
8221	0.15171
8222	0.31029
8223	0.009226
8224	0.55532
8225	0.6831
8226	0.44341
8227	0.75408
8228	0.74215
8229	-0.24156
8230	1.2669
8231	1.9274
8232	0.89566
8233	1.1722
8234	0.26302
8235	0.80008
8236	1.7398
8237	0.38771
8238	0.75285
8239	-0.095488
8240	1.6896
8241	1.3416
8242	0.48393
8243	0.89579
8244	1.1564
8245	0.39322
8246	-0.20741
8247	1.22
8248	1.4285
8249	-0.18242
8250	0.64608
8251	0.45497
8252	-0.35909
8253	0.3385
8254	-0.28352
8255	1.4034
8256	0.74093
8257	1.5019
8258	0.51664
8259	1.1982
8260	0.73397
8261	0.91081
8262	0.21913
8263	0.83304
8264	1.1903
8265	0.61943
8266	0.043867
8267	-0.27459
8268	0.53199
8269	0.20417
8270	1.7862
8271	2.2011
8272	2.3265
8273	0.82651
8274	-0.89698
8275	-0.85205
8276	0.8044
8277	0.6166
8278	1.6785
8279	0.02687
8280	0.27146
8281	0.46394
8282	0.37232
8283	0.146
8284	0.087709
8285	0.31206
8286	0.19296
8287	0.14256
8288	-0.15657
8289	0.16583
8290	0.058623
8291	-0.39058
8292	0.59881
8293	0.04368
8294	-0.026086
8295	0.050727
8296	0.023942
8297	0.038271
8298	0.066014
8299	0.11005
8300	0.97897
8301	-0.14096
8302	0.2216
8303	-0.15702
8304	0.2389
8305	0.08443
8306	0.091837
8307	0.40392
8308	0.3773
8309	1.0324
8310	0.11206
8311	0.80181
8312	0.8109
8313	-0.091871
8314	-0.26065
8315	1.068
8316	1.3007
8317	1.0252
8318	1.4595
8319	0.44939
8320	0.38942
8321	0.58042
8322	-0.001374
8323	0.45967
8324	0.72831
8325	1.1195
8326	0.839
8327	0.11605
8328	0.35529
8329	0.6113
8330	0.10956
8331	0.42668
8332	0.25897
8333	0.10565
8334	0.082558
8335	0.53332
8336	-0.2428
8337	0.18762
8338	-0.415
8339	0.069436
8340	1.0042
8341	-0.002785
8342	0.60678
8343	0.5125
8344	0.27991
8345	0.63727
8346	0.061929
8347	-0.44971
8348	0.27086
8349	0.84262
8350	0.75599
8351	-0.046964
8352	0.13127
8353	0.90763
8354	0.22942
8355	-0.3018
8356	0.064473
8357	-0.5012
8358	0.42588
8359	0.32705
8360	-0.94913
8361	0.48197
8362	0.9556
8363	-0.6072
8364	-0.13472
8365	0.37987
8366	0.62869
8367	1.1057
8368	-0.089807
8369	-0.98803
8370	1.2747
8371	-0.45831
8372	0.1068
8373	-0.7542
8374	0.36182
8375	-0.60199
8376	0.19465
8377	0.17581
8378	0.025133
8379	-0.32552
8380	0.69834
8381	1.6603
8382	1.1264
8383	0.91843
8384	0.44126
8385	0.6772
8386	0.92987
8387	1.3629
8388	-0.21026
8389	0.96235
8390	0.52507
8391	1.0794
8392	-0.33525
8393	0.39368
8394	1.1406
8395	0.3497
8396	0.40722
8397	0.42432
8398	0.8608
8399	0.50911
8400	0.68808
8401	-0.094563
8402	0.72134
8403	0.47391
8404	1.4487
8405	0.36373
8406	2.4735
8407	-0.032027
8408	-0.02182
8409	1.2011
8410	0.23907
8411	0.70153
8412	0.85288
8413	1.8488
8414	1.2654
8415	0.45037
8416	0.53228
8417	1.1872
8418	2.0694
8419	0.6697
8420	-0.079703
8421	0.98296
8422	0.18355
8423	-0.03592
8424	0.3057
8425	-0.047364
8426	0.33732
8427	0.47079
8428	1.2836
8429	1.151
8430	0.26796
8431	-0.34775
8432	-0.07619
8433	0.40955
8434	0.16216
8435	0.78657
8436	0.45704
8437	0.085905
8438	-0.24488
8439	0.3071
8440	0.2912
8441	-0.010656
8442	0.009451
8443	-0.63182
8444	0.19543
8445	-0.1283
8446	-0.076121
8447	0.50128
8448	0.74173
8449	-0.071193
8450	-0.024058
8451	-0.44541
8452	0.75506
8453	0.50319
8454	0.18759
8455	-0.48007
8456	0.69439
8457	0.51015
8458	-0.37949
8459	1.7649
8460	1.1562
8461	0.48628
8462	0.73846
8463	0.21117
8464	0.10906
8465	0.53193
8466	-1.1406
8467	0.59681
8468	0.34946
8469	0.57752
8470	0.16812
8471	1.0998
8472	1.1191
8473	0.75519
8474	0.61164
8475	0.29405
8476	0.86449
8477	0.79844
8478	0.60911
8479	0.63603
8480	-0.16702
8481	0.26553
8482	-0.18235
8483	0.96685
8484	1.0084
8485	-0.090293
8486	0.16198
8487	0.84555
8488	0.54072
8489	0.64855
8490	0.3387
8491	0.30395
8492	0.66439
8493	0.52029
8494	0.97039
8495	-0.030777
8496	0.5047
8497	-0.10963
8498	-0.006713
8499	0.82487
8500	0.91874
8501	1.5772
8502	0.73802
8503	0.3641
8504	0.22815
8505	0.51342
8506	0.25172
8507	0.49847
8508	1.1021
8509	0.37684
8510	0.68087
8511	0.486
8512	0.087578
8513	0.31473
8514	0.06111
8515	0.89294
8516	0.16428
8517	0.19759
8518	0.79771
8519	0.7629
8520	0.77293
8521	1.1702
8522	0.28031
8523	0.78974
8524	-0.13401
8525	0.69987
8526	-0.25855
8527	0.97224
8528	0.31473
8529	0.47935
8530	0.82346
8531	0.15511
8532	0.2131
8533	-0.33324
8534	0.92092
8535	0.19581
8536	0.85427
8537	0.18132
8538	0.36136
8539	0.52168
8540	-0.082263
8541	-0.41895
8542	0.21258
8543	0.15937
8544	0.28073
8545	0.26619
8546	-0.18687
8547	0.33593
8548	0.65786
8549	0.44772
8550	0.34284
8551	0.23719
8552	0.11878
8553	0.42539
8554	0.26948
8555	0.013909
8556	-0.16209
8557	0.34513
8558	0.18751
8559	3.0204
8560	1.5357
8561	1.2953
8562	0.044673
8563	-0.21862
8564	0.25813
8565	0.43271
8566	0.47478
8567	1.7905
8568	0.61029
8569	0.069145
8570	0.95132
8571	-0.36052
8572	0.53716
8573	0.58113
8574	0.88257
8575	0.39944
8576	1.3651
8577	1.388
8578	0.05831
8579	-0.17191
8580	0.055429
8581	0.5316
8582	-0.010655
8583	0.74584
8584	0.34839
8585	0.39176
8586	0.00356
8587	-0.010913
8588	-0.20681
8589	0.748
8590	0.32233
8591	0.29963
8592	0.53183
8593	0.82358
8594	-0.503
8595	0.33164
8596	0.35376
8597	-0.1219
8598	-0.017047
8599	0.094482
8600	-0.029905
8601	0.33488
8602	0.17128
8603	-0.50027
8604	0.96545
8605	0.078333
8606	0.49205
8607	0.37943
8608	0.79764
8609	-0.3574
8610	0.57684
8611	1.4353
8612	0.67936
8613	0.25109
8614	-0.19014
8615	0.20302
8616	0.48293
8617	0.28961
8618	0.4269
8619	0.18802
8620	0.59026
8621	0.57037
8622	0.79878
8623	0.52516
8624	0.92797
8625	-0.14863
8626	0.16221
8627	0.098003
8628	0.75448
8629	0.79477
8630	0.047145
8631	0.62356
8632	1.2733
8633	0.99186
8634	0.88673
8635	0.13813
8636	0.31017
8637	0.040203
8638	-0.004469
8639	0.57989
8640	0.11769
8641	-0.49277
8642	1.0549
8643	0.33438
8644	-0.001345
8645	0.4303
8646	1.6229
8647	1.2024
8648	1.194
8649	1.8292
8650	0.71828
8651	-0.12508
8652	1.4835
8653	1.4597
8654	1.0688
8655	1.0965
8656	0.25784
8657	0.1246
8658	0.52967
8659	1.3306
8660	1.2017
8661	1.18
8662	-0.15519
8663	0.010678
8664	-0.42863
8665	1.0266
8666	0.27987
8667	1.3676
8668	0.32423
8669	0.079921
8670	-0.12095
8671	1.2892
8672	1.2194
8673	0.46301
8674	-0.25742
8675	0.30616
8676	-0.16703
8677	0.048699
8678	-0.24034
8679	1.8733
8680	1.4183
8681	0.59424
8682	-0.004858
8683	0.070614
8684	0.52995
8685	-0.36087
8686	2.0794
8687	3.173
8688	1.7409
8689	0.91746
8690	1.634
8691	1.0206
8692	0.63172
8693	0.60512
8694	0.85096
8695	0.13186
8696	0.537
8697	0.13654
8698	-0.27047
8699	-0.37468
8700	0.014285
8701	0.071284
8702	0.33165
8703	-0.1582
8704	0.75342
8705	0.64482
8706	1.1036
8707	1.3367
8708	0.24232
8709	0.25244
8710	0.067527
8711	-0.11044
8712	0.085558
8713	-0.093272
8714	0.63801
8715	-0.24656
8716	-0.5806
8717	-0.68633
8718	0.24272
8719	0.57152
8720	0.75026
8721	0.87226
8722	0.052942
8723	-0.35407
8724	0.66953
8725	0.48569
8726	-0.55846
8727	0.18007
8728	0.29656
8729	-0.041728
8730	0.33669
8731	-0.10441
8732	0.35745
8733	0.76646
8734	0.40531
8735	0.63499
8736	1.3481
8737	1.2331
8738	0.42287
8739	0.13286
8740	0.30121
8741	0.65986
8742	0.36535
8743	0.51376
8744	-0.41941
8745	1.2485
8746	0.12914
8747	-0.096322
8748	0.24907
8749	0.25913
8750	0.19791
8751	0.37501
8752	1.3618
8753	1.4168
8754	0.18485
8755	0.41063
8756	0.71894
8757	0.11125
8758	-0.27619
8759	0.076912
8760	-0.29469
8761	0.21225
8762	0.16696
8763	0.65172
8764	0.27694
8765	0.11688
8766	0.84018
8767	0.6421
8768	0.26997
8769	1.1193
8770	-1.0337
8771	0.68429
8772	0.98497
8773	0.30244
8774	-0.16306
8775	0.62132
8776	0.48787
8777	0.19034
8778	0.17797
8779	0.38139
8780	0.95671
8781	0.4238
8782	0.86046
8783	0.043704
8784	-0.20612
8785	1.1867
8786	0.29896
8787	0.058332
8788	0.24586
8789	0.051134
8790	-0.084491
8791	1.4218
8792	1.129
8793	0.43455
8794	0.20543
8795	0.49689
8796	0.25487
8797	0.29591
8798	0.47063
8799	0.38785
8800	0.07501
8801	1.3202
8802	1.7739
8803	-0.043959
8804	0.054699
8805	-0.11074
8806	-0.32265
8807	0.22782
8808	-0.1565
8809	0.47802
8810	0.29166
8811	1.4846
8812	-0.048918
8813	0.3085
8814	0.46572
8815	0.66141
8816	-0.047919
8817	1.3888
8818	1.0129
8819	1.4035
8820	0.52153
8821	0.84625
8822	0.83
8823	0.16327
8824	0.11855
8825	0.10957
8826	0.069063
8827	0.60466
8828	0.06995
8829	0.73866
8830	0.42791
8831	-0.42051
8832	0.8072
8833	1.2152
8834	-0.42841
8835	0.38253
8836	1.2861
8837	1.9217
8838	1.62
8839	0.92308
8840	0.72322
8841	-0.23852
8842	0.38904
8843	0.1323
8844	1.2519
8845	1.719
8846	1.1108
8847	0.10234
8848	0.11389
8849	1.1656
8850	1.697
8851	1.0455
8852	1.1397
8853	-0.099811
8854	0.61307
8855	-0.28356
8856	0.7443
8857	0.64211
8858	0.17809
8859	0.39583
8860	0.88918
8861	0.62485
8862	0.068752
8863	0.74169
8864	-0.91337
8865	-0.31254
8866	0.44233
8867	0.15333
8868	0.73595
8869	0.37488
8870	-0.98817
8871	0.52894
8872	1.4726
8873	0.73336
8874	0.29781
8875	0.21814
8876	0.074537
8877	0.47379
8878	0.025774
8879	0.55109
8880	0.068093
8881	0.58179
8882	2.1655
8883	0.66793
8884	0.85602
8885	1.387
8886	2.0587
8887	1.1814
8888	0.47836
8889	1.3572
8890	1.7259
8891	0.90968
8892	0.62464
8893	0.14347
8894	-0.53439
8895	-0.36517
8896	0.32901
8897	0.89029
8898	-0.2835
8899	0.067965
8900	0.50674
8901	0.035318
8902	0.6065
8903	0.47461
8904	0.075064
8905	1.3144
8906	0.32653
8907	0.11736
8908	1.2207
8909	1.4885
8910	0.028355
8911	0.62474
8912	0.78881
8913	0.043242
8914	0.18583
8915	0.02626
8916	0.21208
8917	1.5913
8918	0.065502
8919	-0.24637
8920	0.9589
8921	0.65517
8922	0.36501
8923	0.43696
8924	0.85338
8925	0.19789
8926	0.68015
8927	0.39905
8928	-0.33353
8929	1.5851
8930	1.3909
8931	1.3925
8932	0.74618
8933	0.35436
8934	0.32119
8935	0.49986
8936	-0.13242
8937	0.18967
8938	0.53336
8939	0.42344
8940	1.0336
8941	0.27782
8942	-0.69181
8943	0.70456
8944	0.056029
8945	0.15442
8946	0.68325
8947	0.40512
8948	0.38783
8949	-0.032019
8950	0.007473
8951	-0.081321
8952	-0.087013
8953	-0.23281
8954	-0.75438
8955	0.41283
8956	0.095717
8957	0.365
8958	0.27144
8959	0.47316
8960	0.67659
8961	0.25207
8962	0.22682
8963	1.034
8964	-0.48679
8965	1.0882
8966	0.57529
8967	0.9505
8968	0.83402
8969	0.29092
8970	-0.12482
8971	0.51174
8972	0.56333
8973	0.54243
8974	0.25021
8975	0.013766
8976	0.1348
8977	0.94408
8978	0.19126
8979	0.36868
8980	0.36048
8981	0.12866
8982	1.0711
8983	0.9639
8984	-0.50407
8985	1.1472
8986	0.78622
8987	0.38396
8988	0.059227
8989	1.1555
8990	1.4017
8991	0.34954
8992	1.1331
8993	2.1953
8994	1.5892
8995	0.22001
8996	0.24618
8997	-0.32279
8998	0.30218
8999	0.87488
9000	0.4263
9001	0.92644
9002	0.85368
9003	0.69294
9004	0.61774
9005	0.74786
9006	0.4414
9007	0.23744
9008	0.048268
9009	0.13764
9010	0.069972
9011	0.21212
9012	0.27714
9013	-0.02105
9014	0.84873
9015	1.5177
9016	1.1904
9017	1.32
9018	1.6936
9019	-0.60838
9020	0.28003
9021	0.36181
9022	0.48876
9023	0.42041
9024	1.3017
9025	0.62374
9026	-0.17673
9027	0.29736
9028	0.10326
9029	0.59643
9030	0.80325
9031	0.36836
9032	0.13461
9033	0.011752
9034	-1.1845
9035	0.071928
9036	0.52063
9037	-0.11424
9038	0.45625
9039	0.018405
9040	0.74481
9041	-0.3163
9042	1.0095
9043	1.1864
9044	1.7234
9045	2.0191
9046	-0.23386
9047	-0.40228
9048	0.18279
9049	1.7174
9050	0.69648
9051	0.35108
9052	0.19409
9053	1.0654
9054	1.0608
9055	-0.17297
9056	0.12075
9057	1.0231
9058	0.80277
9059	0.58859
9060	0.067692
9061	0.049184
9062	0.95236
9063	0.25931
9064	0.13243
9065	0.48438
9066	0.60387
9067	0.1315
9068	-0.30197
9069	0.24036
9070	1.3236
9071	1.2632
9072	2.0855
9073	2.1457
9074	1.2205
9075	0.84922
9076	1.2483
9077	1.1374
9078	0.27184
9079	1.5593
9080	1.4682
9081	0.83382
9082	0.19049
9083	0.17007
9084	1.2799
9085	1.298
9086	0.16786
9087	0.53105
9088	0.86585
9089	0.59196
9090	0.58477
9091	0.42165
9092	-0.18487
9093	0.70805
9094	-0.27099
9095	0.78962
9096	0.005046
9097	0.33833
9098	0.61385
9099	-0.15344
9100	0.21999
9101	-0.3754
9102	-0.045693
9103	-0.016745
9104	0.45037
9105	-0.33426
9106	0.90306
9107	-0.10194
9108	0.34043
9109	-0.2383
9110	0.67646
9111	0.42187
9112	0.67565
9113	2.1815
9114	1.0018
9115	0.17666
9116	0.034059
9117	-0.55201
9118	0.082296
9119	-0.2773
9120	0.19109
9121	0.71581
9122	0.91838
9123	0.66563
9124	0.30882
9125	-0.11174
9126	-0.17734
9127	-0.25602
9128	0.63727
9129	0.48389
9130	0.50995
9131	0.18501
9132	0.42624
9133	1.6535
9134	1.878
9135	-0.017685
9136	0.047159
9137	0.28521
9138	-0.18706
9139	1.6845
9140	0.34369
9141	0.17009
9142	-0.5443
9143	0.35207
9144	0.60488
9145	0.36983
9146	-0.2284
9147	1.5098
9148	0.025071
9149	0.33261
9150	0.41238
9151	0.65731
9152	1.6523
9153	0.22795
9154	0.35018
9155	0.063566
9156	0.32697
9157	1.2241
9158	0.77147
9159	0.96984
9160	0.57769
9161	0.57491
9162	0.59573
9163	1.4172
9164	0.11538
9165	1.0077
9166	0.23894
9167	0.24495
9168	1.3295
9169	1.2023
9170	-0.095332
9171	0.31871
9172	0.72791
9173	0.64811
9174	0.73739
9175	0.54313
9176	-0.18822
9177	1.0252
9178	0.64199
9179	-0.84437
9180	0.54485
9181	0.72916
9182	0.050312
9183	0.35916
9184	0.70697
9185	1.3334
9186	0.50172
9187	0.68032
9188	0.042445
9189	0.73347
9190	2.3031
9191	0.87773
9192	1.0095
9193	1.0185
9194	1.2575
9195	0.89113
9196	0.21177
9197	1.953
9198	1.5799
9199	1.5999
9200	0.3145
9201	0.52256
9202	0.38916
9203	0.34266
9204	0.89326
9205	2.2126
9206	1.0664
9207	0.076842
9208	0.509
9209	-0.26438
9210	0.59989
9211	0.29054
9212	0.062597
9213	0.37849
9214	0.49782
9215	1.7092
9216	1.6908
9217	0.35769
9218	0.40548
9219	0.009319
9220	-0.12301
9221	0.36209
9222	0.26539
9223	0.22731
9224	0.26965
9225	0.15466
9226	0.76666
9227	0.50737
9228	1.0096
9229	0.56072
9230	-0.25517
9231	0.10615
9232	-0.35925
9233	0.50682
9234	-0.12724
9235	-0.31986
9236	-0.001303
9237	0.48194
9238	1.1049
9239	0.35902
9240	0.81449
9241	0.33383
9242	0.48869
9243	0.43217
9244	0.60539
9245	0.76988
9246	0.50489
9247	0.095113
9248	0.80188
9249	0.61274
9250	0.27801
9251	0.31775
9252	0.11693
9253	0.94851
9254	-0.64442
9255	0.49157
9256	0.7305
9257	-0.030688
9258	0.078114
9259	-0.58739
9260	0.8321
9261	0.75811
9262	0.60793
9263	-0.631
9264	0.66329
9265	0.20099
9266	0.08476
9267	0.50934
9268	-0.2891
9269	-0.30096
9270	0.1067
9271	0.041091
9272	0.58703
9273	0.22317
9274	0.1213
9275	0.49336
9276	0.19713
9277	-0.30358
9278	0.043577
9279	0.42616
9280	0.47569
9281	3.4801
9282	2.3126
9283	1.0845
9284	0.56153
9285	0.27867
9286	0.5436
9287	0.40297
9288	0.59993
9289	-0.34772
9290	0.059103
9291	-0.000714
9292	-0.25033
9293	-0.008939
9294	0.41585
9295	-0.2694
9296	0.51176
9297	0.004796
9298	0.93499
9299	0.3028
9300	0.4845
9301	0.71113
9302	0.88831
9303	-0.064623
9304	0.073608
9305	-0.25895
9306	0.58573
9307	1.8904
9308	1.3032
9309	0.28106
9310	-0.066384
9311	-0.23791
9312	-0.027792
9313	0.91912
9314	0.45245
9315	1.1307
9316	0.28784
9317	0.66652
9318	-0.42052
9319	-0.16037
9320	0.20542
9321	1.3504
9322	1.7345
9323	1.6151
9324	0.55979
9325	-0.22021
9326	0.43659
9327	-0.22066
9328	0.36345
9329	0.18514
9330	-0.29058
9331	0.46987
9332	0.82257
9333	0.51284
9334	-0.14103
9335	0.75997
9336	1.2907
9337	4.0412
9338	0.76112
9339	-0.1022
9340	0.11584
9341	0.69374
9342	-0.33533
9343	-0.53237
9344	-0.051248
9345	-0.017126
9346	0.5248
9347	1.9949
9348	0.39569
9349	1.025
9350	0.69366
9351	-0.21558
9352	-0.23724
9353	-0.11283
9354	-0.32132
9355	0.82448
9356	1.0047
9357	0.25347
9358	0.05789
9359	1.1192
9360	0.61931
9361	0.23405
9362	-0.17953
9363	0.85154
9364	0.31209
9365	1.3494
9366	1.3612
9367	1.3608
9368	1.7558
9369	1.5058
9370	0.50899
9371	0.62759
9372	0.59367
9373	0.67433
9374	0.90966
9375	1.4924
9376	0.71618
9377	1.5528
9378	2.2323
9379	0.21661
9380	-0.082033
9381	1.5504
9382	0.42494
9383	0.2874
9384	1.1278
9385	1.2244
9386	0.11738
9387	1.4178
9388	0.94503
9389	1.0417
9390	0.35866
9391	1.177
9392	0.56634
9393	-0.63523
9394	0.4827
9395	0.8729
9396	-0.62679
9397	-0.12423
9398	-0.35636
9399	-0.20133
9400	1.8508
9401	1.2196
9402	0.15605
9403	0.68849
9404	0.46954
9405	0.40662
9406	2.1234
9407	-0.025055
9408	1.7905
9409	-1.8252
9410	1.3751
9411	-0.363
9412	0.40322
9413	-0.39458
9414	4.6181
9415	1.1873
9416	3.6808
9417	-999
9418	2.8195
9419	1.1334
9420	-999
9421	-999
9422	-999
9423	-999
9424	-999
9425	-999
9426	-999
9427	-999
9428	-999
9429	-999
9430	-999
9431	-999
9432	-999
9433	-999
9434	-999
9435	-999
9436	-999
9437	-999
9438	-999
9439	-999
9440	-999
9441	-999
9442	-999
9443	-999
9444	-999
9445	-999
9446	-999
9447	-999
9448	-999
9449	-999
9450	-999
9451	-999
9452	-999
9453	-999
9454	-999
9455	-999
9456	-999
9457	-999
9458	-999
9459	-999
9460	-999
9461	-999
9462	-999
9463	-999
9464	-999
9465	-999
9466	-999
9467	-999
9468	-999
9469	-999
9470	-999
9471	-999
9472	-999
9473	-999
9474	-999
9475	-999
9476	-999
9477	-999
9478	-999
9479	-999
9480	-999
9481	-999
9482	-999
9483	-999
9484	-999
9485	-999
9486	-999
9487	-999
9488	-999
9489	-999
9490	-999
9491	-999
9492	-999
9493	-999
9494	-999
9495	-999
9496	-999
9497	-999
9498	-999
9499	-999
9500	-999
9501	-999
9502	-999
9503	-999
9504	-999
9505	-999
9506	-999
9507	-999
9508	-999
9509	-999
9510	-999
9511	-999
9512	-999
9513	-999
9514	-999
9515	-999
9516	-999
9517	-999
9518	-999
9519	-999
9520	-999
9521	-999
9522	-999
9523	-999
9524	-999
9525	-999
9526	-999
9527	-999
9528	-999
9529	-999
9530	-999
9531	-999
9532	-999
9533	-999
9534	-999
9535	-999
9536	-999
9537	-999
9538	-999
9539	-999
9540	-999
9541	-999
9542	-999
9543	-999
9544	-999
9545	-999
9546	-999
9547	-999
9548	-999
9549	-999
9550	-999
9551	-999
9552	-999
9553	-999
9554	-999
9555	-999
9556	-999
9557	-999
9558	-999
9559	-999
9560	-999
9561	-999
9562	-999
9563	-999
9564	-999
9565	-999
9566	-999
9567	-999
9568	-999
9569	-999
9570	-999
9571	-999
9572	-999
9573	-999
9574	-999
9575	-999
9576	-999
9577	-999
9578	-999
9579	-999
9580	-999
9581	-999
9582	-999
9583	-999
9584	-999
9585	-999
9586	-999
9587	-999
9588	-999
9589	-999
9590	-999
9591	-999
9592	-999
9593	-999
9594	-999
9595	-999
9596	-999
9597	-999
9598	-999
9599	-999
